Contract Address,Discord ID,Discord Display Name
0x30bf6873028bac51f17Dd0B44Cb83d3f91C26b49,,JIRAü¶ñ|KingMeza|ü¶çKongu#0142
0xf53EAf96ad7c57220735e577977443A27e6Bd594,,lotto8#5971
0x41e6732F0bbe183EaA772F75BCAC2398D817B95F,,Kristopher Lukas#4136
0x880B448b1F804d05903ac2e57b5a0edB1c001f91,,Ozi | JPEG HUNTER#0489
0xbDd5D94E6463cF1683083A60774B38E7f3BC42B2,,carbonana#3952
0x980F18a06a74005ff6BaA867fF617198db85a590,,Mad_DR üçÑ#5165
0x5636966433544861CA813719a5721A3dd47eBA6f,,darkone108#8111
0x7863751226dc8978dD24e7724D13E1173027559b,,Chaooo#6820
0x6a1e1245347894F2b42F52Fd0a0eb0dC120a794E,,Goodbyetherat#0014
0x97Fd469dbeE2C3649fD35E0C2530dC7D91D8993f,,DeeteeÂ∏ùÂÄú#3413
0xf8298234C70d64457D56139FEAbbE3BE7122a65D,,RRWashingMachine#4373
0xe167891353Ea02692d4aCfC04660BE1DdA20C68E,,nenenene#1916
0x9A69eb60720B4f7caBB1F348e6d6f14cb9E5c90c,,jockinjayb#2375
0x3f3E791194fb13723B2Bfcd663057d4Ee157c30F,,Reishi#4536
0xaD4A04b60f3b97837939f3171Ca480B609A2Dd44,,Bandorka#8998
0x4D9a66Cc8B2DA9774Bd5CAdF77355A0f66c2146C,,Dexteer12#3726
0xb0ae08CA5e818473C728dcce669BC4B2d6c444eB,,POPcupineüíé·¥ºÀ£·¥∞·¥±·¥≥·¥±·¥∫#0001
0xb7A46d35e66cb96678Ba8BE69300ADfd5A50F04D,,Swashy#9154
0xd217394dc6502C1541541f988eE5c39A1E074c82,,KingNectuluh#8888
0x9A8E58ca676F4c931aCB46eE12b1265E09A6c3c2,,KrypTooGurl#0566
0xC5792CBef05564d1E79750Ff5B69A9737B83419B,,Machin00#4076
0x0fdA4e16AD7f43ec2f807b5bFA17Af398D184250,,bingo#4515
0xec42c555c8757000036Bf2Be65AD2dCcC9030593,,Gurdeep#6477
0x5d37C84fdA1D5f5DC07Bc8Cd20f754d272E1320c,,icedcoffee#9799
0xDd4efC1D0e40BfAF51dB0cA84ea6a8e49C685b2f,,saintkret#8698
0xF051B3107529c85c97FdE99D7feB14BCa8caED91,,yukiii#8308
0xca346E7F1A4b3eB944c05F0EE1be0e6337bafE17,,SIFICO-KH#0563
0xb77b2cddd60CFd880583294c2f71bf128d55Fa56,,Tomk80#7460
0x80dAEc5719621Fde706700d7851e57E200F51a68,,SteveGodjira#0607
0x69E708fD5F6cf1222fB9EE65583eFFAAD9719e1B,,Karthus#7972
0x289f0be9a9f53571787bCBF31638040B85930589,,emily_tt#5401
0xB41438134D92298f394Ccc59C4F740316E04E572,,Reliiq#4053
0x4043CEf518183Da26e8122fBDeCc0b70e8652515,,Thanh Thanh#9475
0xfE3846E26417B218d72260A67032CDfDB17b3E25,,Bunnybooboo#5703
0x3be2585e4408848EdA54A57A0EA8F20A075B56C2,,Dwaynieee#9479
0x182363111776C1abb66EddeE6906631566c1aC67,,kh·∫£inhi#5577
0x4B5F0eAbd5E03778e3d034CA2C8ceEe3301da505,,RAN#8183
0xa60B2cf807af6f670d39c6a1C16412d6Cf5e7148,,saki#3308
0x7eC9F1F7e5c1B6D8f395e2eE31B0B4e7360c8405,,DonPute#2944
0xb4B7AE521A1ab944fFb920F570345aA303d6ac1D,,Fame#3351
0x7DFf5990088b277545febE148e3d616Ac8d8c7F0,,HomeS#5495
0x616e662D822f683B65a67b56aD19F0F4dB87260a,,rGab#9324
0xD0C96ACa52b74d5bc851fE23681c1124341Baf4a,,auntie_leia#2491
0x023Cd4062b82Db1EEcC91Fe077Ec944d4b89384a,,frank nitti#0001
0x20090476C5A87e9325dc068255325222f9305237,,trevm00#1024
0x34f2231f1e998CA3D2A7803455cCd7f057E90554,,Sherlholmes#6667
0x54C27157A52e60f3B0fF8eD00Bee9368863C5b80,,Yumiya#4670
0xC25d57D9a72602e29f397a1D33A47519B4C1941a,,iamGabbyCutie#6662
0x6443B4411450A03700251e8CB680aadf292cDc76,,Gurunay 777#1568
0xc04169DBc6317422b118b729D0E72D5F60016B05,,smolbrain#0069
0x038D9582eB7A84b7b09351E11742323222880c3e,,ckyoung~#2299
0x351AFD0681282aD0f9eF609aCFA1Ec2418082036,,Spacer#4167
0x5b315F648c1e37Ebf96683Ddb8308d1Cc1b9ea43,,eps#2781
0x9B51F735d58D6FfeaaEC31ed5b5D0Ad881db6204,,VegasGuy#3194
0xFB4e6F5F0ec726e540E58F2dE9F386984f554757,,shoreline666#8989
0x4CF46c29352A0F98BcF4507c8Ac3604F0336977B,,Gil#8983
0xd08A0E5c4faf114880A732C1E951D8fE56839118,,RichardHu-SG#3556
0xbC9A3E076BB438838566900f60805444E0b9bd7e,,BOOOOOOOOOOOMMMMMMMMMMMMMMMMMMMM#5278
0x57825aefC6231b3d9ae7CF2b4773d5E841084645,,awinpro#0533
0x657c26907Eda822D7e09111630d4c0De9d232142,,hiimclemon#4926
0xDD761DfE9a0a3aB33Fe07F7940d049FD24f68952,,queenft#7262
0x8008A26d56cc221199A4E708cFc33e2a700d4fD7,,ÍßÅ‡º∫‚Ç£≈Ç‚Ç£≈Ç‡ºªÍßÇ#5726
0x24cc9B53730fcdCD3642B636EDB2A28Cf36C5CF4,,RapiD#0175
0xf4EdA7378c6A13412a73f06aD5EA484ba9196985,,Mudtooth#0001
0x5547Ab4C37DF04d814e7a00Afd21679d8E308842,,BIST#0011
0xB96c25586Bb2465472dE9ad1d98F7757F66e1453,,LetsGoBaby#1879
0xEE25a236981868D07435cc64B8B01bd873f3C469,,Fawad#0543
0x2e1091E1e9d6dB1C5a442A496bDFF110132EC92b,,Dr.Sneaker#5115
0xe3399E3c1404dd1d3E8F3986392F424431631588,,obeywilliam#1058
0xB28106b580A08F3849e2e7Ded814221a2aede61e,,Musaa#9421
0x546f73d4291DA0C1237ac9dea6326215B6B865c3,,echie#0667
0x0497Dd273c51e1837B58AE4a2308137a8D3FA893,,Xluciz#3121
0x7D6b23cD29f306e52ab2f6A63335528115bAE474,,Bhaman#2835
0x555a491f30d24ebeb12aea94f5c28f2be7d36de3,,FehnZ#1692
0xB7b2297Ccb4b921deB22F4e43d7EbddE7A0a4d45,,ERR0R404#8411
0xE9275ac6c2378c0Fb93C738fF55D54a80b3E2d8a,,phi1iqq#6660
0x37E89707cd5F4979f190ABc5DF0D1406E65E2eB3,,vanquisher#3288
0xBc036B4DF5e58b758cac31822fCA5dd8101f7811,,dreamxyz#6229
0xd11071FD3dfd4FbDF3EE8Fbe88D97894cf777375,,riokorb#1242
0x55A2A8863992aCec4fF28dA6ED29102A0316Daa6,,SweetChewie#6196
0xA8b0f9df1D622Dda1f4e73C87Ac0674B28b10a2E,,SiaoTien#0577
0x0DD80203907596C1F93EA4af13E4DdC6D2103A9A,,GON#4543
0x4e0DBd061A5f1328B484FB8637097eCD0d0Ac3c6,,bunnylord#4574
0x5dcF41551856df159D87F12b4052bD65061F5267,,screwedupsmitty#9590
0xfFdef5e9eEAcEaC0800A2F784105105DbaF1D884,,zeegen.eth#0001
0xCEfF62CA06a0E764B9B16cBC4D3e0c2A05926728,,CorruptPrince#1820
0xAa0a0b37853eB96937A48b9E4A26daB5f9B86220,,Shrillanik#0001
0x12f6417A00989C7e602c35530D8C92873ED7cA51,,Schr0d1ng3rs6at| OogaVerse#4079
0x096B405C3A81E68235d43fEc2B41c28cB7248f30,,gupbiee#7495
0xb1B4cfc960112Ce38B685Bc1115C80d9F01606FB,,SOTONG#4640
0x93458d424a579D818182C570126c195dC7C971a2,,smeeg#7789
0x584911fec1fE79dDC31dfE695653FCd29C56Fc2B,,~~~~~~Tamkent#2441
0xF792499A5d46e53fa5CE840b2684E7175330c19B,,AJAJ#0447
0x074684F59A101Ea0f1bCc166a99861856b516840,,Raydep#3667
0x352307E8e1664bf2D77888b6856D482eC3956e68,,APonyman#9999
0xCDb0730F31a2f05E49dF4Bad039167e7fbd2Fe97,,HoomanDoesNFT#4019
0xCc661b8995cadF63787D6CBc749C079f65C3D550,,iyamkane#1185
0x6664A3e90416F2dC0215dc4c76f54011a182556F,,MMM#6431
0xc36CE23BF539c09421798542ACc50f385A9700B2,,Rain#0013
0xa8370d091e9C1C8a659dA2C8c712783ef489C65d,,JEN#9336
0x8780552ED55bE7009E881B745294250e1Ec81FCe,,üî•üî•üî•üî•üî•*Lo%#3611
0xa32eb291B492802D0D896eB202840AfD5248Dd10,,Asbestosbat#0148
0xb63ea4865cDfedF3A7bCa5Df5BD49F04D59ea348,,[Angelmisa] Èªí„ÅÑÈõ™#0725
0xAb5c40f6923A13930Ec2C1eB3Cdf8E158fDa6750,,kyos#2643
0x33B3F677d4cDcC841376d778A959EEc0F8758072,,Driscelda#2869
0x2C54A347E121B0d4896B4154B72f608Ae6b6b724,,darren#6223
0x229D70Bc1ca126F854Aa9DF814af1844495bc77A,,VMA#8374
0xDB00Eb7e4C86965901458aE914c5c2585aDa298b,,Sugoi#8130
0xaD715607ECfB9BDF1f2fB25D4FB2CE27E2698A00,,Noobsttm#5777
0x39A8fB33638de7b3dF7B2431771993A3eb9c1969,,Cyrnax#0307
0xD3f110c60519B882e0ee59e461EEe9e05ED2B40D,,emi#5308
0x95Cb432823277aBeB69D13CAc2d329EefE92bfe9,,Skywise#7243
0x5e8E9cbf985bAa50a33C61eB83F67CD644619a9e,,Rockmickey#3379
0x0e4846713d0Ad8aC565b938dE090868b27e48227,,jujujuls#9711
0xBeCee5344Eab570e8D0cb4ea61BeA59616850C72,,SlawBunnies#1011
0x219d2F7b92180CbD13F118F85f306f1246C369c7,,B0SS#0666
0x2283C6CD2adFa6C30090fEB607d2A5836B6382CB,,robbenhood#9040
0x391018a054c9c55D534a153Be308711AC4b6C116,,Scaevola#6926
0x42A9FBDA0E608F76383426355d692ca465FD9750,,wertzuiop#1310
0x55eeD986579d26912c2Ecf5Fc9CdFc2c2e7271bA,,alex#4129
0xe01867A293B9A8723f848c6752A6c76D698b09a3,,SkinnyLegend#0901
0xDBbe42DB786254432bA30fdfb75B1Bfa78AE88fc,,MistyLynn#8864
0x978DC1A5978BBeD895B5d01BF82FB5229d31185b,,Kulle#5111
0xb3B8D08c3C4266Bd0455AE6F7Fed5930d912DbaD,,st_goku#7752
0x30D07CbBDDCb94fe99D566991FdE3B0Fdee2D324,,OlcayNFT#1445
0x4AB0324747Df2e5564B7b3e6940Eb48E6837ADD9,,tApA#2967
0xE1B105389347cCBF425b413c68C0fcE9b8CeFa98,,Giu#4731
0xF08576f40D74A3D0A6f7709a1e3f603DEAc39f05,,YNN_TTT#8473
0x2e88163672B0D2CF2FBA66d6b26C92a0a34a43c3,,Deybiddd#8200
0xaE72107090A87286853A33b4C80E0789b1D15a4e,,StatutoryEyp#4870
0xDea3d02af61F1D4d0BeBAc5e046A15EFB3a253af,,frankiebakes#8994
0x0BdD16D5B1c038CEb696F2ea7FEEcC7999Dfb235,,Pg#7777
0xA3dbCDaFe7eeaCB768D8c902345cf46598358F4c,,muvazzaf#4045
0x8c2A36F85d92a3ece722fd14529E11390e2994D7,,ayhambkh#9236
0x0882D5D74fA3cB1eFB4403a54999a6B9D820797C,,luay.kh#5440
0xEDE0C4684415266E88Ac4A964F91d08eF3aE587c,,ImGroot#8995
0x46CeaF4dAEcAef4Eec657Cb75B385781Ae4c826B,,Rodrigues#4223
0x44938e22CDFc90e5Ab5e272E57217f42c19181C0,,BabyJI#1276
0xE57f32529Ea8FA03d01f94E1d506cf00922C9c05,,breezy#5491
0x51eDb088b39Fd1cE613Eb7fFb06503B83Ef35198,,Tatatamertime#3424
0x27793f5b6324545Fe15085867b5f9E28c973D2d2,,Abhz#4080
0x4ca29272F210F7d2613Db7E509c387279285E5d0,,Eiren3#0710
0x3e78DEE79AE8D6d96994cF138B15DDd3d2675d83,,MCP4#2710
0x2867176c6d0b387b9981c185219dc88a7a45eb9d,,RD CAP 2#9572
0x000736d66fb4e46163a39c3476793662444f2912,,ZZ#0327
0xb75dddedd9d74015e4c82aa48b0f071d46b90f74,,Blamunko#4629
0xEDE0C4684415266E88Ac4A964F91d08eF3aE587c,,ImGroot#8995
0x46CeaF4dAEcAef4Eec657Cb75B385781Ae4c826B,,Rodrigues#4223
0x44938e22CDFc90e5Ab5e272E57217f42c19181C0,,BabyJI#1276
0xE57f32529Ea8FA03d01f94E1d506cf00922C9c05,,breezy#5491
0x51eDb088b39Fd1cE613Eb7fFb06503B83Ef35198,,Tatatamertime#3424
0x27793f5b6324545Fe15085867b5f9E28c973D2d2,,Abhz#4080
0x4ca29272F210F7d2613Db7E509c387279285E5d0,,Eiren3#0710
0x3e78DEE79AE8D6d96994cF138B15DDd3d2675d83,,MCP4#2710
0x32F14803485175d0D5DE4BF7C1495A0734C9Aa65,,TomTom#4248
0x8D94C8a5C4d5465E84972bD73f60fb6955bB7d27,,AdmiralKunkka.eth#1930
0x39Db642c1ea1878B84CaF9b86dAcb6aB810dBE7A,,KeldarOne#9457
0x9290b15e8b9403d9471533e1b47964b3B2E9fDbB,,turtlepopper95#2854
0xfD6d39Cba933f1F669bE611eAfd1Be9503F18587,,Damaura#4949
,,1EUR#4030
,,Memphis#8749
0x02659749Ef7984256C4F2c6fd68a0DBd24E3b40d,,JODU ü•∑#1919
0xF9F67ef2f808Fb0E24C22132aaBEDA695fcA1E31,,woody#4908
0xb47C91f55896fe899393f9A7ecFD6A4426bb0AbF,,bastientien#2800
0xB372f26153e9cdaEcf94F218688C0192A3e6635d,,NIL | LazyeeBee#0746
0x0DC87F37Acb9E6653991Fd365Cd92C142d07D43a,,SalHassan#4341
0x340f8282BF9127F377F929489D9c2496aEdB6C6F,,Bad Vlad#1171
0x9EC8a2a362445a85ed87c9b96fC251a4C50dfaBF,,!SimplySuper#5351
0xD8BDaAe1CC1d65b492e60C7dB25e2a2d7e15A419,,0xSolaireüîÜ#0001
0xCaEBA5bFAC8a4CbCB65cAa199eee711B2Dca9D9E,,Uncharted#5522
0x9e3D381facB08625952750561D2C350Cff48dc62,,MrGlubss#5015
0x9E0521fea1932B4e4A4357804e9D96cA24A0B076,,popipiak#6164
0xA041E8fCfEB517d9682807B5c7822655E6D3Da20,,K-One#1116
0x7d98c574CCfE076de60CedfcEBfA2a71dc4D24FD,,Fauna#9608
0x67a7aCA2c8090a4Bf0F3C5e247737fdB50BC5e1C,,LuksousaNFT#4967
0x7DaB55F8C93732172b028170152e55fD506460b8,,TACO#8087
0xeb34C7f839Ab4B1321448d61f282EBaaC0681109,,ElonMusk#7777
0xcB68833D81Ef5253e3056634493fF0121E752570,,Mr.Humble#0153
0x9c9D341658cd8bE9023c8b6B6cd2179c720538a0,,sSweet#8333
0xfdA9F275da65B8837eaC934A1A070D40E747a2d7,,Skate#9131
0xe713a75d8bc2f29F42b0d2C2BE3370E65A62b5Eb,,ArthurLeywin#7427
0x540bbF6A9e195398802F42552b3089dEe5d7Af60,,Shell Dev#9458
0x350ca114aB8E925B1B468c062f6bCbcE843562cc,,lili_lazier#9224
0x59cCAdD5B42603383dF1605f1c2435e8CFd9E625,,KOLFziiz#3599
0xA29DA80CB15Ef8ab36cec0e5cD04B43414eEC4c1,,Babyron#4360
0x7d86550aCA13995DC5fC5E0Df6c7B57F4d72e714,,pipi#5697
0x0F0c6Ead741f9f4a217503F96239b5e4B84d80CF,,Crypt0Hash#2557
0x8CE2f79A329A3AB2beBD1f682E4E03129241657D,,Vasga#4427
0x842de5e70a00bb08958b9a810263af30b999ff89,,0xKaelga#0820
0x817F590Ef0719c29a078f81ffB60534d19860f98,,TeyAX737#7777
0xd361EAb04568FE2Ddd38EF0512bc1e010c473A76,,HunterDeCriptos üèπüí∞#9922
0xF4D631fa4CB9322366bD5eBC25eA94dFCe1DDf09,,DannyOlliiver13#5680
0x77d6f5c54BBe2192281F7F49F673E786B0Fb88FC,,! Planilha de Whitelists na BIO#8855
0xC25F4E4eFbb2554f36198911d095f84207f4de2B,,N√≠colas#0001
0x727f2020c7Daa2a6E99337126222FB415248ECCe,,Lucky ‚ü†#9999
0x97652Ed4fc3a3AA18142B5476f9F37c5899BF5E4,,hakaan#9502
0x9bF93189065960eAaf2053E4C36cD9E5080fCb3A,,Cryptonian#8649
0xf65dfa6A53F24bDc2fDB213792E75693fe126FC7,,0xDoy#9999
0x3CB57E3cF8248079AcAe4c5fa813a3470A11f033,,Kevin777#1010
0xFe223C26D16BAE2EdE49A634DA3710a8e5b32c32,,ROXY#5943
0xD9B73A6769aCB9157fd60206b2Bf6503a525Dc02,,nerduz#6049
0xc220acE03E753842F61F0b9268Af4482B25d6B77,,TheRealTomNook#1851
0x444FB9f7eC203cB5CBbB21340f73e89b6F06EFC1,,Vazom#1313
0x9EA4873415b421620c5Ce17B32297f22AfC22d7b,,Mando#3060
0x11D31054071C2Bfbd5D268DeA6E03847ba1f0Bc8,,dealkhabari#0423
0xa2f05673dd49d9540a6d0b131baf2babfc392b00,,Putra Salju#2267
0x8794b49a20e5695Fa7B57D1014Ed374888d2727c,,0xNfTea#3650
0xE0277e7C1AaF766FE03f152efff73bA0aDba1DF4,,Chardleys#5683
0x694A792fae7A8E48A7e867ca79Cf62d06099A7F2,,My name is Green#1694
0x167C83de68de9469090D1ecD1552742e6C696474,,Chalung#5084
0x91901CEF0E7DA80b5bD90B0dd4481FD65747B9Df,,
0x56FB5199bDc0d8Eb5186537f4738f812A3464ACA,,
0xafA04C5747b4cc225f9c8190Fa6668FD896Fe923,,
0xB6FD1C78c5c7E9869D914c7eca17276eA597920f,,
0x11D31054071C2Bfbd5D268DeA6E03847ba1f0Bc8,,dealkhabari#0423
0x3318b8A2986676De36E1F2D1b9fC498b2DF0bd13,,Babbexx22#6076
0xd9de53cb872b058b093377dc07a813d2016bebe8,,Luda#1519
0x4b313d600CbC057f29cbA72846DBD4C64B7627B0,,kingdomite#7335
0x3D1FcbD976999f36799060ca0B71Df41f345E736,,SCL//MAGNA27üá≥üá¨#5134
0xc4c432dDa413Ac8Ec421844703E831985A6833e5,,Hav'caaren#0111
0x5fef6a6BAa39d460196e70BA5F1d1dC241867D69,,RangerKane#7777
0x11D31054071C2Bfbd5D268DeA6E03847ba1f0Bc8,,dealkhabari#0423
0x9e8eA10e991C1b535fb6ca08Fb21Fe2270370795,,cryptofan | Divinity Cells#3101
0xeA1Dd63b305E6Ee487E416eb4Be1b4353551a702,,greenpee$#7883
0xa2efc3ca804226819a29ea5614a10e3e64c7a962,,RadaBoy#8572
0x3df326269fb6d0a55584f570b9d99db060f01391,,jon snow | won‚Äôt dm first#1496
0xc220acE03E753842F61F0b9268Af4482B25d6B77,,TheRealTomNook#1851
0x444FB9f7eC203cB5CBbB21340f73e89b6F06EFC1,,Vazom#1313
0x8794b49a20e5695Fa7B57D1014Ed374888d2727c,,0xNfTea#3650
0x167C83de68de9469090D1ecD1552742e6C696474,,Chalung#5084
0xD9B73A6769aCB9157fd60206b2Bf6503a525Dc02,,nerduz#6049
0xE0277e7C1AaF766FE03f152efff73bA0aDba1DF4,,Chardleys#5683
0x694A792fae7A8E48A7e867ca79Cf62d06099A7F2,,My name is Green#1694
0x9e8eA10e991C1b535fb6ca08Fb21Fe2270370795,,cryptofan | Divinity Cells#3101
0x27bad4cfF7F844C3743c0821199c40A9f8963EFB,,lucvasc#6806
0x8bc346AA63eaf080c1724bE0E46Aac9d02D2b2ff,,mother_cooker#7598
0x5A073Bdf1AA41C6C85e117D089B63ba8b476BBD1,,the_wang#6253
0xF286eBBfAE3987ae235797d6f57564fB9265425E,,Hayomide_a#9007
0x378305C2E32264B2130002aA6De22b7fEcf34fA3,,Peacenft#4749
0xb621e3cDcB4bFF8128435b5BD9A0C367576EF4B8,,ann_rachel2#4162
0xa833B4320c52F2e25c3d4f3CDD0409b47346FC8C,,Achiever#1834
0xe1314C8b0E0eD6E43003ec49ff69eAAa1A614b7f,,Equalizer#1748
0xcE675Ca337ADbF065a1Ab37624f522304C5AA062,,e_licit#4657
0xe9e1A4DC4b18f3ec20CAe001C5480aF731c64A34,,lucvasc#6806
0x624561105cC96546faAc7B321c8d5bAF7021B9e5,,H.K#7123
0x955Cd171d0ddF8F23B0FF3f64a8EEec0e2a2225A,,zeezmart#1100
0x1171646580c73a93a85f9d4F8ACb62Df1A3aF296,,Marcus Yee#8804
0xCF35dB879A80C2292487D82Fcf83Cbc17425848D,,Black Shingo#0345
0x48a10694894e07056589d92c16cc15df8b062f95,,kwdimas#9057
0xBA29222975cD522750adCCb63e99f1A57Da29827,,Oreoreo#4535
0x6Eb70b43992ab93Ea27A25D092E3E15Cf3002114,,MarkV#7525
0x2c6900f0471EE7988c34F29c43AC709147E65b3c,,jenny17/üõ°#3541
0x495624a0f21833B4B577D0d442b7207419A0f413,,IceCry#7749
0x591eC4Eb53b72D4b344206dbc1003c5cDD1D0418,,Rad Idea#1680
0x6B19b1af385e2eC8D5fa9adf52b057B1c00A07fc,,Xxbozohead#4715
0x2E3D760AC1596a3F567627D5eD59A45a794053ff,,tomtom#9169
0x60a093f40e41065b6ca427ea6a1226c94d535fb8,,brokenlink#6325
0x9e8eA10e991C1b535fb6ca08Fb21Fe2270370795,,cryptofan | Divinity Cells#3101
0x81373D0E8aD6Ad27387f8d89443C585ca835dDAb,,
0x584b601a5567ff0a1c577571d546efbd3f13fac1,,
0x40B36048bBb4eF67505Bcf7e8623D11cFaD142bB,,
0x4e8F9FD359a87c6cdbF3a6CBD06Af97090986862,,
0x189E95603298257390ef807e077887004718C8c1,,
0xfe41948cb8467e835B0865837B354134BBa4C5F0,,
0xc35577B56E3ae215149668557820e307530292F5,,
0x9e3DF7c61454a7e2fBB1F215dcb0eFca1da8ccDa,,
0x098D3B43a19A3ADf692Dda194d61709d96C98575,,
0xfc137EA8b0fa4193f18c1a24449287d9015EcBef,,
0xAC423b380c7d69094DC1FF93A92cc6E9882275F5,,
0xbEAD784DDAd5Ec58050ca3f939027577b046b86c,,
0x293D5159644e268dEe8E514dA3cbD85532b31656,,
0x45b3b6F94a8c8c94c953d4a2109011EED8957A69,,
0xb464f7B528264398cB963BC8bD33BdaCdE635154,,
0xD37DAbe2CccA72166F41c236b91Ca36494FE5919,,
0x000bf5456e108047cd306bad911275a37F3B94A3,,
0xd85b209776288e3d273b5eddc9e987416acf5512,,
0x333DbFE68D19C673553C9deD4022aaF61FA5dC43,,
0x88e3244752920AD27a1238B643b01D04dC369ba5,,
0xd205033b6971F419261a92A6889d57449dd3B668,,
0x74BF0c24935752Ecdb6CddF7044380F25B05fAf1,,
0x2bc477a7Fa30829Ce4ec162BeB60734274cC32b6,,
0x55bf31f3c08d3e06B6632D205C974CDbdF8E63FB,,
0x8C2aA88914c28E26586999c1791B07eCdA04a415,,
0x339399B830383C94f76343CBA6d2465BBdEFf4e4,,
0xb3924EcF19c2ef7fB7cE3ecDDD22ec96C77a3f64,,
0x8E0E466509687d86dC50dCDbc42142D3530CCc29,,
0xd2971EF680095C8082BbFA7E45BC0d6224Cf20f6,,
0x3F4e54Eb00f833f2E8143676A8721Df14D95bD6f,,
0x693549c881b2d80a2743b25d55F5a1D61f2b80d5,,
0xB683ea632Db3Be49336928B3c3D197a9BFe3a2f2,,
0x6E272f68B54aea816799FAC75b870f42Aa84BB60,,
0x21d37ceb9E293d5955Acc182C537ae4b59ed1CC1,,
0x31Eb44651F37eEe6e9Cb1E408c03a86CA7Ac6C55,,
0xDFabEce9789833f722113727fe49360b14d815d4,,
0xa0Bd5C3838342961e09dc2225C340F4A1818aB6D,,
0xAdFAa4929F0bB544503D322f412EE81B7073b466,,
0x345519d4A5D56Db069f53Eb585D4f6a6Abc7473D,,
0xE6527edCeC7464f9a6FA0E7Bd38aFdD216C63dD1,,
0x12Af4675299E0e72D12695fA9c7d9e3195D32380,,
0x48D9742aF29eB0805cA5402a37B6C21B48491b13,,
0xb4D133c96D8833ea8A2275a1C0Ce6D2204661624,,
0x1Ee5312803a3fABdFD673e51Ad9eb4E6d648584d,,
0x1D0f857271AbA5f97aB9DC189133E31e2a0526fa,,
0xA2a12dBacB94c47628ABf040A9Ec87D2eb7a2857,,
0x092d79FdD0bC17d70863eB2206eDDE5a0Bfdb997,,
0x0DCd45892694F734A7035aaC6A3F64A8ed30F4cd,,
0x024A2612972BCFA7011b862fF0506fE1187C983B,,
0xBba923e2Ed47345c00621B2ec19c39d97B2Fd4ad,,
0xA64E6A0885667A9C21de862c830Ad688C185AC6e,,Mehh#0620
0xBCff67496D1aB1557d9B7b3D227076D52279d9A1,,oranoran#1262
0x5deb684D90D8751a39C43dB733611057dA7089b5,,yolondawago6#4250
0x254dd957E31CCDeab0B28Ca67550eF998B74C540,,stemywellington#3599
0x7f30C17B81A75abcb473c165162DdA8B0c5B04fB,,Cideeer#0010
0xFaa2B0009AB2f17e95e664F8f9f0Cc8946507332,,raspPi#7029
0x2e82494083D823173249D67e3b7BdAd17425e028,,MadKraken#0355
0x4bd06AB2a2134044ADaACA577178530Ef53E51F1,,Pinkduck#3173
0xbF66030C5B6BF2D957c780F4b0813fbce10b115e,,Pylynn#0789
0x632D3D09b30468a9a767cd30d587fFFDA0f0EA26,,MoonDancer#0419
0xfcc8A8D375FdC0839e7E00AeD21cb05CaDeF1014,,Stones#2223
0x2Da791359933011B4F74042a241Fbbf09F6CBcAB,,AaronJ#5685
0x67A1B608E1080815911C394997a88740e196C198,,Aaron2022#1617
0x67d1E8E60c0AB0f475f66bc6c3e4c90c5276026E,,chacapFoma#4350
0x663b338f3EE60E2750b3C0d6523630351D7317bA,,madebysohe#5916
0x0fF24e2659a600fE348C11B26409cA3dC5797cc4,,wikiwiki#6505
0xc36CE23BF539c09421798542ACc50f385A9700B2,,Rain#0013
0xe9d18037d8602494B9EE1D480DC59DF90DF57CF3,,Raindrop#7084
0x6c2227158C65870FF346287CBd123cB840Cdd62d,,LIVE#1270
0xdb19ED87D040Cf1a2d2538056d40e01FBE289528,,sherry#2460
0xBCb6ED889054bB5cB4C71d63b3b32F7d2659C19A,,MAC#3418
0xb51667DDAffDBE32e676704A0CA280Ea19eb342B,,Quarisma#9546
0x0403E1A20EfdbDa42a9261E1Badd5B25fDd9c83f,,Pooperscooper#7234
0x90f87Ac971868FF3d0Ed983cfe0950fdAe03EE78,,ichigo#9774
0xbf8cdbeedd1e5c06c20c60c926c42f5b37ff2a92,,WPSüáßüá∑#0070
0x8c527879a68D242c1ccA8D23409d8Fd75324AC3A,,Ronniedobbs#1484
0x8E467BA8bA7f2ad2d45d1b9Dc91A4e7A6d457ba4,,(Œ±) breadcheeks üçû#1812
0x98C0a14de379aEBa258FB11e83bE73ad5AaF4d14,,puta0x#4952
0x6008be79D74b1974d177a01e67Bf9F7E3dD6a6C5,,mangomango#4492
0x1bAfF971123e07c2312004a6bD519Fa33085450D,,Jcchuang#8987
0x8209A0f91fE84e756A624F079e51E9E29fDC252a,,Sneer77#9396
0xe56C997Eb15E5d012fac2a09ad24b48Ca4DCA820,,w3wgm#5702
0xdcF2e719edD8E90DcBa981161f62a1667c68a5a8,,samipersun#0001
0x318C966cF05531f682ce7CBE39B831DcE000f45c,,Sangados#4235
0xa1163cbF7c3Cca1a1014a2310BE3d6A09b95eF5a,,wolfieboy21#8957
0x0E380166b57b0095fF3158Ce637A72Ba03C7d7FA,,Diablo üëëüíé#0680
0x8440cc32891ae045de2016a7f1c38012f41909e5,,Rankedskywar#0001
0xdEe3CCcE48205c662990B0a6cA664e6c5daeb2Ee,,xMikey#8394
0xEf26f19fE14968DfA9EC6893056B6aC460D93314,,MitMoni#7727
0xED952771F20bb026Cc17ADDf9bb0CF8BeB589Cf5,,munkin#5448
0x0629Ab3167043690fBfAfa6814c36Fa380Ca8D21,,jones#3583
0xd14497A2035DCd059B8533CCB37b1be8BF9a12a8,,teo#1234
0x4dBAF6752257117019A3b54F4656A9fD5E6A8f54,,Mike2#1862
0x4E0eA1b77dcf2dE9645BF3A0e379d034B5640B3B,,easymoney#9666
0xF0d65372498F8f15232f733DDdA65C8C55E5e9b4,,dexbomb.eth#6686
0x73bd258A654F95621c7e8119e68df4a30cb1F22f,,shakestar412#4195
0x847845B158d34491386c4e9aDb21824De8375022,,GM186#9736
0x83c1baf7de0f9846f0fac84fab2b3242e43c25a7,,thenftdood#9010
0xEE150a5ebf3A2684C1b8A928B6234C18dD1CDF9C,,FA#0218
0x8B719aF23eb5A9d9844ebCF28903Fc3BDFDe54Ef,,Ketefuken#6449
0xF8DA926B6f798a3b264328C35DD68023De78c859,,achorli#5620
0x3Aba870e25AB7160638E49437cd25563F6c7660d,,henry404x‚Ñ¢#9144
0x3Dbf93eC0e337A26CF75567e019bdAA7a7d44F92,,ponzu#9563
0x4d19d9110fd04832529BeB234003200C9f3234f2,,SunT#5508
0xfB819c7E8334c715ffa83903E1Bc932912e81F3b,,minghui#6086
0x19d8f268B202366Ed12209c9D6D639d8E53a2bb9,,YC___Chan#5592
0x3bc94735148FaCA654303ad25772eC5180fd6518,,Yuyee#3535
0x7B38B677CD6349461a89a6cC3245C6b7107D492C,,maxius4000#3443
0x76B74Bb1b6FF4de0c5eac643Db68207A9C697e89,,ecmp7021#2388
0x0f2c7B6cB4d3d1a0CFC08D7B99F1C776C8d51935,,Daniel LKW#0909
0xe6003Af98DfC8cAE06De730df71fC43110e115c2,,Johnwong#4973
0x02c920A7157C5CaEE087E7cE6330b27CA72Cbf3C,,peter chow 02#2375
0x89d4C31ec28A6f7EeF22434B6576F9616Fae9d81,,Mcqq#1915
0x5F9AFb695e8C6624bD8FDe2E7D0BDb49DCB3aC8c,,GG177#0320
0x3d87Ed1893eb25B3e033e5A33caC953f2558E714,,kahei#6113
0x71a5eCF398E696844f344D5BCb90e40625Dd24e3,,Kurt#9052
0x7D46912058dD7d35F74F82446Ad4e3A398d77C98,,Diablo üëëüíé#0680
0x0A14f7A1Bd4f1B6aE5CEa5b151EF23050fC3db6A,,CK.Leung#5503
0x1ede242bf64514dfba9b6f71b13ff6194b036d9e,,HolyDKN ‚öΩü§ñüöÄ#4085
0x61B5e4B56d6BdB13f178c61e018e5E989C8B91DD,,CyboHaBo#2301
0x79edEd40117691962c9f2eF2a7948baC3b6480cd,,Omj#8202
0x234FC44a0BFDeAa840cC5579dA749934526f1Bb7,,alvyan4903#7172
0x39544a705763D4456119389019cAEC95FD721307,,lok1213#9811
0x8730FF6C2F755af0DAB649D11678Bf8928178148,,tophertsui#4141
0xB472f904400AAd06b2A5CD53CcF5417dB13db5A4,,M8üß∏#0977
0x508F520F5169F97f584A5312560338eCE3Bf3103,,yuripave#5889
0xb1a57aC34f5C1DfAD5bDe2cA0c436e9C27dBeF8b,,BEC#1013
0xA893a007cE4219ba11B2E6a446082C32cEA4cC8A,,umeki3#3336
0x4586942C0972A55342E8968b983fb1DF6CbCE01e,,! RYAN CHAN#3263
0x0A79bA1e185E67E7A03f537f6D057452b28b9b9D,,!JL#4015
0x4bC025F362D12955Fe5ec4441Dd0Fc567F6b16c3,,.Jyuan98 l·µÉÀ°·µñ ∞·µÉ ·µç·µÉ‚Åø·µç#2220
0xF6c188726Fb11c01394A087e4e7AE9F438Ec9D48,,0x7gu6-ceye#8964
0xD4B1e80B44DEF73A0BA8f9786de0D121207e35A1,,0xDebbie.eth#0822
0x56f6c2e93E464f66A3C71877a16e998B3c7BEC53,,0xkeelyly.eth#8810
0x3F05326546eC069D769d8d306D1651E6e6205622,,0xLY#5648
0x812479CBFe92014641F1c728E3f76202fb5280AD,,130bb67#3334
0x61B5e4B56d6BdB13f178c61e018e5E989C8B91DD,,186.Gor#5136
0x79edEd40117691962c9f2eF2a7948baC3b6480cd,,3000 üíì#5386
0xEC3E491BFE6F1e1866d98E2fc10Ca7CF071BE7d5,,3yo lollipop#0261
0xc5d1B0A9f4Db9Bd8d3716E402c6A6aCA1A10F2ae,,7 Sean | smol#8632
0x571a2cD15f9aEc5Aa2482c25fcd1f15f30e963F3,,jkck0420#3566
0x765AAFD25220722535F457e211CB2e923C2752e5,,_joon#2895
0x8DB27E480Bc5077e15d9c8fA495599686b17F207,,_mtsskaerf#8019
0xbfee04C2B82054c13331446185f76E41634cDD43,,AaronÂÄ´#0317
0xC41faa016914B144010c0BDe44943B17D00eBf56,,L6K_‚ú®#6666
0x80431f645865779f7E6656cB2B28E482Ac347A18,,Rynask#2319
0x4A39762f798387d9d7b097C5c3a93aA890B3B6c0,,Andrew | Elite Apes#1632
0x0DfA0c73C639539464A9Bf66f75968bA5058BFdC,,ZOLA9527#0359
0xbfcF4026D8619A61Ff1912b79741282c02730F6e,,rexxxxxxx#6255
0xfDe4Ecf986312c88C84577BdCd488537789583f2,,Mart1n#9999
0xF9284Bd41B507766e464CEaeA47250992AA58535,,rekviems#5470
0xb0D8e018B7435b43D5C2cbba9B1C7F7C37Ac710b,,Kim ‚òÖÂΩ°#7276
0x62d35Fb79e1003FC179a92B88E278bcdc1Ae4e15,,Akkii#2633
0x8c50e7943e66DED85092a9654F217A102Fe601DB,,jeremiahx#4228
0x42C0aFa42F27ee8C2aE07Ab1D0b6164CbF08b6D0,,nosi9vqn4#1304
0x7BD3a7853252d53bB66a16aC53057fc6D8d65bc4,,FreeRio#4865
0xe0d3068743F5Ab4fe98eAdB865a38b705366Dcfb,,Omelskitot#6110
0xb4ABE63babbbb211759C8AEF85889cD8Fe29F388,,teals#1731
0xC34e0727428303010eEf33dFE026E0d175F430a3,,LeoChris | LS#8867
0x8935670896BB647Fbf07e39532ED15031cD23a04,,tepjoe#7905
0x480a7A75275C1660d078c7Fe4189304c35fAb289,,Ponzi#1203
0x04644B7D5Baef2a0BEA545ab590f9e5f11d41d0c,,Bentley#1452
0x5F3C64CB091551ee36AE850fcc9444F83C5e2618,,JenniferCooper#2689
0x90A51daEf80A009Cb376Ca4Dbd83a7c60d840157,,tacc#5895
0x8B532CFda7bdf02CaB5DB832AED23aE3f1c403F9,,tinfoilsoldier#1296
0x67a1cb82a2CE3Db0550E5faaa5F4Dc67D3598d4C,,Cebe#4860
0xE4c5c84fb8c2aEff8Ce183A190e0d1389BB3e695,,Uncle Ed#5646
0xbD613a9D887ed8FE1d7399dcE96584594E5aBC31,,ADAM#6716
0x3a2851561Ab6688ec4Af5F6358443f1759Bbd03F,,na_dragah#4814
0xC3a24e1c2ad530ea9aA3314f50cc037df47dD8c9,,Murmokich#4541
0xbB524F1c9DDE9D1249e21E4a3afFE8134414ECC7,,fulanito#7371
0xd8AcB8058B7D61dEFeD531Fb21200bd7CA3512Cb,,FlavianaZamboni#8066
0xa5F111b5617dcD1561609eB4457E687af3Ba1378,,Forza.Sol~Eth#8489
0xdfFb970bFf87B74797a8730b0e15CEbFBb670abc,,tubzalet#6577
0xe451F67fa26b860333D5866C7cCe3d73570bF6d3,,shortlegged613#6475
0x25817174e3Bc0AbE3Ab09358905558881B722F96,,SUM#6721
0x94d490aD18943e81D4B2398F98d54ADE55b1ffc0,,You#7337
0x144107992e3Ec349e9c472dEefc6878Ee1Bbb6f7,,Stampen#6395
0x820653DbBce12d51781D08D852FD54182d2cc64b,,inhigh#3198
0xd3Ec70ffd4D8F9C35a63eb45B4a165ccDA8eDd86,,merigold#7771
0x168B72aA8A6cD06Ea5d499DBFb3b5FF818b59ef9,,Peynyel#5334
0x17f6a590177239Ed32e3B89500e945d88792e7Dc,,Qumzii#3329
0xa83451E3C2504aBEf5B381983b5E3A85458A0eba,,Tortimon#4842
0x174fdDdeaD0827ad5184bA8487326A719DE9D5de,,viktor dudka#7142
0xb5e8a8Cefce0a0A8334bfEF214eeC14998D973Cb,,masterior#1719
0xEc4433D8D8EDB6A6D11CF24AE6F46B9D3bb72A06,,Dr4kj#9241
0x615A1c4161b093c554b883e69da0615183af1F65,,DRAGOON#3571
0xA26034E6b0bD5E8bd3649AE98960309DBd9edA7f,,relic ¬≤‚Å∞‚Å∞ ·µè·µâ ∏À¢#1471
0x64f706bb0a6D5fe3C3fAe8FaffE10c844ed435c0,,snotsleeve#5449
0xd0C7c30A8f963c8aC7F837Cb66B6A71602502b8A,,Cool GuyLaw#3589
0xD86fe136302bD6092d30B50e247774d41D26d949,,Rediska#4860
0xfAe7466C2C85A43D90b9bA7f49baFD314ba6660D,,lil$perm.eth#2878
0x94d4d658fE7EB34C7Cc40DA5C85e801Ca2708B6E,,OppO#0101
0xd586f1Dbe1184856aFD706E8d13CC0cb9a8D7B82,,xanaxlover#3420
0x923C3096338915d68296Db7613E7eED38c3145d9,,relegationation#6092
0x90A13c57E0CDBD4d86Bb808C1b032BfE6D2fE4Ac,,0x7gu6-ceye#8964
0x6391325d0Bc0147CEa1F26Ca80B6d30Bd0AC3056,,dapaopao.eth#0100
0x3ac1a9C80b42a85E0314bC790e8765416A57763D,,claykara#5250
0x4539Fbd671b17BFd6B8DA332C6B21f00146cE93C,,Alice_#5595
0xA31a56fC697c60859A9c5a9Ade06Aa4D03d58D5f,,Song#4653
0x275C681EFa0Ad4b3FeFafb40FBa467cbAc00C751,,
0xc265BAAD9aEF412c29540f0f1568C1Fa9bFC9180,,
0xA6d95f0ab96928a10f023dd1aAC4Be78092483B5,,
0x81dbEa1c7e4786907Df001E51a07154868bc518B,,
0x4f57b97C74D7d53F1456a274fCbeAa69549FD77c,,
0x4C1052BA8E85F9fD6574c7D49cBc54629d207B2e,,
0x56Ce43010da792334D8c4A1883EC8028D40c7B70,,
0x45BEC6446dF4434c29f7F3F40cd84b77DCc4a6A7,,
0x2352917e407F99dc6F1b32e1eEed2bE2397b9595,,
0xF3f97b55005D805fc8C1cA2ab21FeFBd733807CD,,
0x575c6086AfED2A0244E2B445D4241c3CDb40a1AD,,
0x8673aaD57ce5F0FF675Df8fa5f87ee31943564D1,,
0x5C62830CBe0A79DC4d3e389e88d2D866339506F4,,
0x1Ca679a66d69FAde171a13d4Da5C9dDd03d04308,,
0xcFa6A6e2Cbe8a71B65B4B49714b5Bf1E8D4C6728,,
0xcc64416df30a89613A72F908fA83B3Eb8576B327,,
0x90adF42Db53376Ec38Fdd9EfEd86E25E4b9Ac4Ac,,
0xe52787683951A1bc9DB42bE710321390966cBcF3,,
0x76C5762E65cB28B928466256C680F5342C4Ad234,,
0x3B287DDb497690a05Aefc9277531d42C38d53b9b,,
0x4319ae2A08Be32346DDBEf8fe49E7a74B63Fd0AA,,
0x517006Aa91462863F559dA1A3515475B9CC8C353,,
0x37576c9DdeEDF98DBb7Bc0b7808425aFDA93d0c5,,
0xb6813eBca4CC61894150C4e548a3E744E04b564b,,
0x814C73624cD19e3bC352449dd5F787B148533bA3,,
0x80ad284C584403C4f294B542DF1a1432A88b7767,,
0xeaE3c5382731f5161E1ea0C05d55c4bB4ba88A54,,
0x48f10bDab1B1892E74C783Cc0E2Dc52aDcC3B7AE,,
0x2ae6c9914C7aA642471aFaea888F6377f86D8050,,
0x395f2502A415BCA4A2F84D73Bb8929182a5dD252,,
0x40DB0276A8d3FbbBf236EaFdfb421f70Ce57612d,,
0x43105A71c046116ed80eF4eA323A6A476c5545b6,,
0xA65A26415E35C91b010b38f366060a637C5039B5,,
0x494566fDd5D69e5Df0b5B8231871552f64a14350,,
0xe4f9De8ad75C3FE3b3633B7529b034f2B343fB34,,
0x3A5bc2558C7DF30005507Eb2EF542c1bb000AA62,,
0x91ECc71f843a9cb656D79d91F576fC78dFF2a16f,,
0xa16f280A9B5557C8Fe65D431905eDdf0b7af760b,,
0x27A9A5Fc86fc478a5D3d357D607C93F78f1f0f89,,
0x86C398Ea521F588b1D9bDefC704D9aa1A6ad0688,,
0xc5FAFE1E28669F2f70aA6181634d96975B3879E3,,Bandorka#8998
0xA94622C4F8B52198AAFDAFb5A430fCF0953b6e4a,,CryptoTech#8856
0x7D55B199d57c2Aacf49511E7E539f872781391cA,,billythegoat#1638
0xD4b505AcB51cb86eE6A3dF49420B74398AEb4f1F,,DimmaDimes#7513
0xF4AaDdB86cA7B8115342e7bCA3d100b3e8D3c263,,Cjing#5496
0x7192EF62646BA608689c08a9FbD4D7df77c1B7D9,,adamchua#9512
0x7Aed6acd803DFB3A1B3FD86f3d502512151A1144,,Venomee#4270
0x3E3716d2538Fdfe91A8fB58e2Cb6425ED0697424,,Waymond#8562
0x861607bB77bD51DBA9D85455FC00d970e3AA2eBe,,metaLunch#2356
0xC3A0178234BB7eb55F18eFB2de2d49E19567b30e,,Kowalski#2732
0x1F1D592d326446AE7ab7139C668D2237f0d6Bc12,,luay.kh#5440
0x8e851Ba6cc49378B8E682464A3790C90f701E81a,,Davt97#3040
0x1ad7eC767CBd670e2cF9419815be9E33067Cda38,,Vrijheid2021#9004
0x5E818831aCA49b631C783731f3006aA6950d19ab,,Nickh#7467
0x48913931dBC880d72fAbbd550dEf2c701F549956,,Ruxroi#8754
0x2B6DD25dA1680621913297CcCFAAB86F3A51B944,,AMS#9895
0x65940f5dB023587a663D4a20a4c7cd3FE209C1f5,,R3DuX#8272
0x5B0648C151432608E8da300c1E0142a284939723,,vinc3nt.eth#8888
0x109440CBe5b508A7063ca126c88b0F81D3829575,,EOKHO#0636
0xB47E41Df0dE1D7D48b94494Fb54D211F574e09F4,,Mutant Kebab#7080
0x502Ee58e4a62d9379ccA2B92dE7dBa0e8674bfdE,,ama_yu#4421
0xf4E2a7eaE4Bc3e3746811f260b3C2c91285a1B2e,,MazBro13#5182
0x7f44C28722a5b2187d7562bFF4d5cDFa0bCde3F2,,Okami#0807
0x2D56AeAC04Bf2Ed584A953d7a34c04acf7748f52,,MBM#8299
0x5742faC2cc4F54C9c49AE36151ae6f2e7ee4F4E3,,Bunnz#9716
0x52fD149Dc04Ee13c30947f680DcaeF055bB49B0e,,ayhambkh#9236
0x6BEbc74FE5821502354F13350f1CB019208dF3ce,,web3studio#5935
0x18668C36c7ebb0c4F4A17c66f4f8DDF5D370e984,,frankc#8010
0x7cCBd1699d1E8c8F6b33e28F85e18373e7CD27e1,,AOAA#8767
0x785dF26869b5105EA2101284C87F53D99DcE1Aec,,Wonder_Angel#2621
0x0B5C326d1a1846256613F57c9742f8b8d37578D5,,Yisan#6225
0x7281fA71CACE1D57C8377586672BFF7eaA60D51F,,Collector#0196
0xCEbf3504ac95c87Fd53108951E3105CDF0F9e13D,,mad_scientist#4544
0xa9Af5143c8331C567eFe8fF3E64b5DbDaE2a959D,,Terence#5819
0xD08cB9f1D35f232fD9e7F3802Fa3B01f01777670,,Chiken#4680
0x533D2Ee6873a2E69A25C4fA71e7Bcc5ea615aA5B,,macccc#0817
0xF3013Ec5D2356EC82742B1781053CD3EfA9Ab6B1,,LarsG#5964
0x1E664bA846015F105FC97105f43E3803E0cA9A4c,,BabyJI#1276
0x929e5eeDe72D2191035d9c0942914B46Af895297,,Pinhead#4975
0x3aAcE8E71A831a9b4cC62713e85E32CE975e0a5a,,DaPlug#9072
0x3a684E5382477Ecc874d66B73E85653b1fb8C355,,Goda#3772
0x23E1877499a6d3E69a0816FdafC1ABB5117da0f8,,android fixer#7158
0x579e2B9599dB3362Bf9cE3FF74D858538CD54E1D,,BIGPAPA#4396
0x339399B830383C94f76343CBA6d2465BBdEFf4e4,,SHEONG999#2511
0x05a44D397276f1aef308d89c58beEe0d256C9013,,RanDill#7668
0x2d4Deada2ada485297589E4ac46c3e9902d5Dc00,,jjsoh#7512
0x6a0AA49C26309Ab257857ecD65Ca364747eEe55B,,Kanshee#2475
0xf92315F66e092b2ef1B77fBcd41433FdEAc8B92c,,Jie#9626
0xA67B621Ea4d0F4Fb817eAc56013cC4B49f818e71,,Rockets#9592
0x1D9f507b8790AA0D829Bb96cf46BA3bC3F78d7d6,,AiX#3224
0x4068a6A9A09dDD795844af5dfF39D5122090C81a,,RYU | Jupiter#1590
0xd214ee24599732eB183F8dBd3c76Ee9F2399645A,,YoungD#0767
0xB42ce66b5d548c3dfd343570878beB4a3f8a70C8,,tsx#6747
0x7eE2988234c5CF5aE9BE6c9f1bbaD4152D54B3f4,,SHOEPAC#3099
0xD23ef18D62146D98DEDB14F479e1eA839d539344,,yufeic#2755
0xED975Be69C2F1B81F51E2167CD949Da8Bc0f4627,,sgeht#9596
0x3d975f7dF472F8dE934e1d507CDEcB55634af905,,Omie_g#0235
0xb073D3626CEb08917d54A2599Dd77C36BDfd69aB,,Zebulah#4021
0xB95F85C6f9502354e289684AB3bc577b6CF404e5,,Bongchi#2900
0x14Fd0c529e69CfF5ED2877Ac4199f6822E9B8D1F,,Antria_777#1644
0x4c946b702ebD9b1071f10ccDa03d58d3696AcDF0,,ryunftismylife#8541
0x5CbF217cC7EE0B4e16A703b60095f15b44dAB09c,,ladybulls#6984
0xAd3f8be5F5712825AaE2551A4628d7876Cfa435D,,GoldenRatio#8763
0x3B209185d34775862BA932c09BC9732A69739E2E,,April-the-NFT-degen#8353
0x4F8bdD55E45f7E16E16Ba598291B6BEdcf9D56E4,,TuckyDK#7562
0x5846D4eD22654bD0C5f3621b0e120B356716064f,,jane#1918
0x8248b1B9d13E57250D8ffB791BDDB9aD031339C3,,DJEWEL#4398
0x2443D2BbB971f262cEd212B3aD8838CB1B75380D,,shellygr8t#7201
0xB68950005E0808C4c5A3bFDc6c7cAb3a9998f4D6,,"Z-#1277 "
0xA7EA07Cf14D8185F23fC01Ae4A8E35D836056C39,,Viva Jessie#9319
0x8da09fE01AeE48A8135ddb7ae10Aa52517F44202,,mrmonkey#5923
0xF3495543401bB44518fB399693D91221F2DD5f08,,racolpelta#7484
0x6ae84a40B93a9F2548D407E6887F84Eb88A640DE,,Grower#4755
0x6b937e5B0798893141B22A09bFCBb5927dbda3E3,,Swewhale#8315
0xcE3c95825F403d8D376766711772b9bc76cb5F89,,"loverboy98#8572 "
0xB6661E98938BcB3133afC3b632E6d602bebc26f3,,MahdiMBK#0019
0x3236c82b7739CB1246cA907CB6c256bee5311A27,,MAX CHADWICK#1373
0x4334CDeB036b102829e4b697C056F18deFBF045c,,SiiMi#8714
0xd53Da12eAdbc3d1d357B1bD6bDa42Ed74B492f40,,traderzd#1313
0x9a1Ec5633db9fF0BeCFA62f0856567b56244e299,,Jai#3364
0x1c6c1aAb686631834Ae31EE52311BE31A68265eD,,Dr. Vitalik Einstein#9999
0x6bd6775Ac695e09f3fC3BcAe02D009b170B3B71b,,Nari#8820
0xa3E4cE21f91Ae21eFF25FFb783d6CB0671044888,,kirol#2449
0x164141Ce37d5527fF8154EBE062E494559886F27,,nicci#1448
0x10627d9E889699B74aC8BB790a1FC318df760076,,Sengo#5512
0xFC17F64bAc6874e3A7B4714C29F939963E3A56E4,,Araüíõ#1111
0x1C4eA55131E96471DF0bC337f5A47e3122eF91C5,,bonglo#6868
0x9B0E0f266E28Ca7Ad98DAf4dDA6b9D1658F0aB32,,MedReg | A X#6969
0xB75d68F4300bAE0169D5f9CFe618eDBBbceF1DE3,,jwong#0570
0x2DeD7A9a7C6aa52540E556c9660D505da0b10203,,ibrahim777#4828
0xaA2bA5C877B70bac69763917d3657ca22d1c1cea,,SHIV#0888
0x880541c5DF65486E45fe7c592301E23e3d670Aca,,Meta Gandhi#8246
0xc6b71Cf73263C8024f55c401173aAd76D83F6391,,Loshmi ‡•ê#2015
0x1dDCe419C9FA95613B55A60Ea0f9f5136d2865A8,,DAethCOLLECTOR#6641
0x4bd4fcdc5dcd51a17380e5fd6ea5960b5f791298,,Hacktud l#7563
0x48518BafEb41A4E67bd6D91bd5bC80b3FB69FA31,,reginald#8443
0x330a580ed66BCd4645Ab51f42a1C124d2647678a,,Junee#2631
0x77047325D7237bb213d43faE0274d9C087a26b67,,borke#0085
0x5449aCcD7F993adC4Ef0C286B73727ee6f96D559,,20May.eth#0001
0x47e2facCA5113C554FF0b9847539af7580FF92c7,,Risque#0588
0xD3c1314aAdB3093C9eb7d1D4A260f3525547fE11,,Dusan21#7691
0x537b2671238Dc3db1352668D0F4f4651da8ecc6D,,PopayMaster#0545
0xD327D6a95774335aDb7115dAd4184BBbaaa0d652,,lovethrower#0001
0xD48ad0e91F911b1a9f95DbD8b626F10B3683d312,,Jimmy#3222
0x0aFa185dEF6c462434491147Ced706cAbEd1c3b8,,Kakashi_227#6791
0x72Bc6De43954c5E33104688C207DdF695BB1d296,,JayKay NFTs#7077
0x67863d055dbacd761b97b919b23b261402437a54,,Lightt#9373
0x2307Fe35fFEF51203A215d258EEdF09e792D0583,,OpticalMorie#4698
0xA7eE64Bb0cf690B064a630838fa1afF84505501e,,yezi quin#4855
0x5ab17F0dF3b08191F510b8806BAf2d835dd50671,,MAMZ#0001
0x8B3549dC52790Ffe1940933F316F11c7d29CC954,,Robeat96 ‚úåüèΩ#5317
0xA0DBDa04ecf21656F05B4B43a90283e191D13BA0,,cozy#1918
0xf2Dd46274975b7B130f4975EB418b93148b80C95,,ITz INSANE#0001
0x22cb641f6e28F5ca711b000fD201B9f9fB393cD7,,NOURA#1132
0x0BdD16D5B1c038CEb696F2ea7FEEcC7999Dfb235,,Pg#7577
0xb56e57B72810E9A3dCC0e6B7Dd45e2DA94E3584f,,NinjaX#0121
0xc8c3B97D5F5987701de1809e2A7F100af4d3DE84,,MOZAY#2182
0x0232EC357EeeB3F74841dE18Cd176E72667c72EF,,doobiie#3267
0x09749f6B4ff9D15e474ba7A6ea67BFF4934c5639,,SubZero#4426
0x9C9575Bea7F25a3eCBAa962d1aafCFab1166c7B2,,Ethwh4le#7438
0xf396226FaC1a50992F98458042b189A0690fE2ba,,pavelwhitee#6513
0xF3112F3Cfe1096de61a2B428Cb2Bc0343e0F29Fb,,EINSTEIN#1353
0xfAf966c2ab386A58D605870826855e9D1fc01095,,Ganesh Prabhu#5087
0x9a07855C7842747A3ab47B20B9879d8a393F3aEc,,Adewole#3399
0x806B01EA8817A525c7C1a956f0405319756b6FFe,,Barygio#7777
0x4CDe10196C770AC25c1c6A50F523A52EA6807c27,,Otagel#1358
0x6ed655ED54910C1f85391f8e755F92927A381439,,BEA5T#2958
0x453f2a8e2ee8107E056BC71CDBF29322a1B73a53,,Pachan#6020
0x1e868E0F5948Fc94ed99DDe0d0AbA939E7677b47,,Xenuity#3750
0x8377e8F2E43A6Ff6e4e7C16802B24FD2c00fEBD9,,TradingChik#8476
0x30e8bED0160e785f5095A5eC10d1e44829e5576a,,jmanrand#4946
0x0907Bb13fefC50e25B0bFBB7C1Af9C2e02dbDCE7,,kiiimkaaam#9859
0xcac05DC428c54f17e3938Bfbc1E6BbDf3F1e2a9B,,gitbre#1738
0x8441Bcc2c583E26FA72949bc81Af987443bACeA8,,ImanaBTC#5555
0xB36A7A8255Ba7514d1136A8a0778B595a2baeb42,,opos#5433
0xB94583449D0194e4Fb5be6Fd22e7A982bb61402d,,NFTartist | CryptoFloatingIsland#6462
0x7275C678a2CBE698B81630064Bc18874D87d1B16,,ScubaStebe#1384
0x80f393E9765f6EA3E66aC035E335E28eAa6f214b,,Cpo#1919
0x3AA2C97188367B0fB78b732c816CA9CB5f1e182F,,ZeroX‚ú®‚ú®#3485
0x7BcDC28950DFdc88eA44f4f74B893982B9794d81,,hansblack#4457
0xF3889295D4bBa85Ed79764323C46E38A26bE5316,,tehnubcake#3893
0x8441Bcc2c583E26FA72949bc81Af987443bACeA8,,ImanaBTC#5555
0xf67E79d304aC4F414Ceab27DC0A871BBe441Ff76,,ayhambkh#9236
0x11a0CFe76dd872a9057aCfA53FA6ec261B0f5bDd,,hippymouse#0777
0xC4b72816dB9913A69D5A0AF41b477b51c8f598d3,,TootToot#1399
0x1407665EE916997BA7f15E29565e98c38fe41316,,downeyz#5333
0x9B134A26A5eC87cE1D468C4Fd4cE1713494eB9D9,,Grower#4755
0x8DBBd5A7B28378c5eb0E49C2e94Fb906073c0B79,,spcymeetbl Xx#1161
0xAD31AA3A309F44bD84de1ae025A759199397edcb,,shallotsilver#6919
0xe6E3c42068B0CA3cd1fbAD9eA3D77611B1513F5D,,Legga#1953
0x73bF6596D52D7642D5ee92F95883C8eE663a2D41,,Peeaa.eth#7428
0x0E16fB3f3f839832fa31bc93301A9fA7833EB94a,,monya#2084
0xf783369B88D2d653277A34dC65CdCcf21240dA84,,Nazir#7860
0x74e78ECf96d49194681c4A1c647297bCAB535673,,Sesoris#2002
0x80f393E9765f6EA3E66aC035E335E28eAa6f214b,,Cpo#1919
0x8E3A94630bBbFdb11DE3888342C05B56f77CDF62,,johan#7584
0x7E3A9a4D85B9C8e1cf23bCc9d1a8C709136eb5c7,,bthizz üçÑ#0672
0x8e6c7796218FCa7C96Cbc43343B00030bDB654Be,,Goodbyetherat#0014
0xB47E41Df0dE1D7D48b94494Fb54D211F574e09F4,,Mutant Kebab#7080
0xD5395aeDB5308Ea6b1d917d8F415B112afD756E8,,MitchV#5713
0x8C7e72dEB60a165e703E7597af50d77E9E31202d,,lemonismine#0655
0x39773F9Ed6d8C5555e825251C5648BD60D213444,,Mannixxo#5154
0x96232D041648046c17f428B3D7b5B8363944188b,,Amp9666 Sold Too Early#4177
0xBcfd321433f3523d9396CD2c8c0Fb2828266487B,,TYRONŒû#0001
0xd330d6096aADf2212EB6e00eA58369BFF934291c,,foxdie#2494
0x9D6061f52b2A1032Dc396066350C57B8ba4dA430,,
0xB56A8480dB3C68c72bb23C2f1aA7DDFb4036b2E0,,
0x3191bA2E99546B480B517bB7D7C7C5dAd14282dc,,
0xAaC6fb32fd0a7A51768BddD4aC2F643445Bd01aF,,
0x0057DAf1Fc92ed66100fd6d2D5872E608A280511,,
0x0cB0c586733B225a4612FEB851F499881f3a18Bc,,
0x45a568D776c23AcAF2442165E8841273C0BB0635,,
0xb78f0FaF687e06DbE78AB817e8A19faC17363C4D,,
0x921917EF7aFf36300a25CA257f3b208E6Eeac728,,
0x8b804267Eb3eBE525B6F93e08e1E730Bc6d8ed76,,
0x664caa685512E56364F1E6cd844Ef1EC378C5d86,,
0x50fca82D69d0EBf42Ab44e9Fc754Baf308fBAe37,,
0xC37Ad22e8Ca0184d630d150FcDFd8aBD8f0230a2,,
0x4a7349550d87B8B75Ea20c4C0fF3d5a7B3502fEB,,
0x191e03b2c1caE6Bb31900e6345025C05AE9987FB,,
0x9dccB9c58AdfFABbe4bD875a73e6D00db0d3cAA9,,
0x5767b9bB3261936cc3b7C295D4F75d573AC97178,,
0x27A9A5Fc86fc478a5D3d357D607C93F78f1f0f89,,
0xB609d966A45ec87AfB84BF4a3F3DD29DE2deeD83,,
0x971413bC4aC76e5fA533Ebd0ca1e10056A1c662D,,
0x4bB4993be12b93394BF28038acd0C4C3DA1AfCB1,,
0x3f8290A3E96EAb7bc96De964a16Fe71eDA7dAB46,,
0x8541ffeee56ff392323e9780f8b7e8adc67d7a69,,
0x52468Af3E90004E23C5868cd335b8e688C30c6f7,,
0xE0895440bCC6Ce05f8C51709832E7a3Ac86efbc2,,
0x1864AEE967a4B3a1555B8B7d9a3Af9008CE577Bd,,
0xe43a5dAd69423b6541e92D6884DF9Bc6cE687567,,
0x9E65d178cf5BD4661fe29e45D85a592837e81D23,,
0x5a9045A2DBeF1f3eb0a2d05cF4B88d89318eE5F9,,
0x42dD26EA3A9665396232904Fa34786B48b6590C9,,
0xC115C51a1bf9DdE7B1eD0861E18CaA27f24C3Be9,,
0x837c617F4aEFAaCD4F8236204577068FE14A0250,,
0x3bB851998b47c4174a80dbDEb13e2CafA079f6A6,,
0xC9D6260420c41a7dcc7E42CB247386D0b47aD31D,,
0x083627a7ab205145E4152B1775292BF0D818578D,,
0x46630C404A0A936E0BbC65fE4C65544566411D16,,
0x07a8991722a09F7c8869E03A7fA1f5477a797511,,
0xbD05a53560cFfb41Eb3Eb0D5C4cA9ffa17Cc2487,,
0x42dD26EA3A9665396232904Fa34786B48b6590C9,,
0xe43a5dAd69423b6541e92D6884DF9Bc6cE687567,,
0x2Db70c7B0F71268aCCE330d211244a989c3Dd7Ba,,
0x3e520ed4bd9FBD574B94Ff5Be7E03C910FD00A07,,
0x4FfB89a61A6dB0586AFF308EFcfCe39207AEd2B2,,
0xB20BbC874F42240EDde620A565C9Fc729f427d09,,
0xAaC6fb32fd0a7A51768BddD4aC2F643445Bd01aF,,
0x51f997B63Ef229De191920A5DDd2FE1Ab562D921,,
0x2AebaCdC3120Afd026C6E4dfc37Df5010F01Fe0B,,
0x2395e447775E473695b926D60c9a251Ac787eE10,,
0x7F56f7Ff4edaD6297c64494CCa338Df2F8E5132D,,
0xb87ABaF428a6C16757A497180cDFE4B0DF563433,,
0xbd0bf534bfda3db3e3d988a0803c7cab2afe4f71,,
0x4A10C1458F0B24669167396db85fb0372C04d853,,
0x07Dfd812Ad2c43A3dDA4E3462865Ef14a52378a3,,
0x7f522989A221fD02fC60Cc32faAE4400c496729d,,
0xcFa6A6e2Cbe8a71B65B4B49714b5Bf1E8D4C6728,,
0x7cE670a4731B42e10304841C95504E38882f88D3,,
0xC4173Ac2A95f1ba774051774Ec2614bA83fE76c7,,
0xC78413FcbC4558BF33A05E6F7824b1a8b269A22d,,
0x712142290825Edee17B82868a37871c8ef14E9Df,,
0xee03987263847e3Ea9D471F778FB0D9E097b4a90,,
0x70Eddc502cb72affCDD064EDF0c8c3e731988cfe,,
0x2599c162b812af2b188859d4695d88a28de2890f,,
0x5f999AD7C9f52e382291e132349D897c07E21796,,
0xA86f5324129c34312187CdE5B42Fe283FC493fD8,,
0x0c7E4f7608502bA0159E7c535a0967742c961E0A,,
0x1379C29f92b887948Bdc2B9714B90f899e5985dd,,
0xB11c804A187c59A78347B6a8872E3b02D7fb427c,,
0x49034C64e65aeaEc207b317261C4DDE8960497DD,,
0x7f522989A221fD02fC60Cc32faAE4400c496729d,,
0x913BA6a423Fef5734661efA2359ca68E836Cc113,,
0xB11c804A187c59A78347B6a8872E3b02D7fb427c,,
0xB2C1e87950F1E97e450C5f8a576ce361A27AFDb5,,
0x4bdd2dc98FAC6205C4A5D59F3D9Fc9b29C14f45D,,
0x0c7E4f7608502bA0159E7c535a0967742c961E0A,,
0xc112e382f44F9aAF265C0A3bE9aBF36FdBD529f4,,
0x4A10C1458F0B24669167396db85fb0372C04d853,,
0x26a1143fb49978823Ba46D7603276476Af9CE2Ee,,
0xC44768A0C177329001a5168Fa5A4297b77A0A080,,
0x5841c4A3d272dE472Fd363d057DC83996272239A,,
0x4C7DC4EA9e6BDfCbBb542687Aa6e509c0Fd61462,,
0x8Db744E7fAC8A737691e97268eF9097FaAb77be5,,
0x2F84D0D332e1CB41b5F44c35fe903BE9723179E8,,
0xF406A7caC7FCc43704eaDBc3aa020418158bb646,,
0x9feE45b898201b778a31b3Dc65923074Bc390433,,
0x0b46603E19041bB60Dc6C609b75d8572b8041032,,
0x124dd9085c02B7Ec4F78B541e6b8bD42935259Ef,,
0x6FCB6C5D7A5d3eE0dE496037C8889dfC82c0B2A0,,
0x05f71b897fE625e8641be5AF9423C79a625423C6,,
0xea4faeD2846B02Ea591ac4591b0cf6B91C5C6f44,,
0x88Ac59dCCDe4F2aD3c4fDAd6C879Bf4BdA052dC9,,
0xda9BAD05ad5D1802EfFE2e8FC6144154BC7F2e3e,,
0x607d448AC1ddB1d3dE25DB0d70931Ab424E4e504,,
0x770D4c6785E8da71f9C57A72455d088D7e62AEaD,,
0xD8e8081A6E0a3D168cB7168B67373f97c0F0fdDf,,
0xfb18473b7Ae5FeEACcde894FcB55C849f0afBB85,,
0xDE11010C35EF0c6E3E8ed8c876ff01AD3A058273,,
0x90633488b735EE7B6d6959D5886CC617fC2C36f6,,
0xeEA9193Aec9D3fc755b1a334E6B8038AA7C428Da,,
0x786B6819cF188Ed1F663be6d4BeB1d73143F226e,,
0xEc0E66b172e7f2C4239e51a086Df6888ECad77d6,,
0xcCf5B19b4f356AD2F0A0c8583414Bf52D626b6e3,,
0x0847C7573a430020009B5AF5cEdC65a29b16809b,,Butch3r#1140
0x5082ebf0F8a9eF2747d4a502FEf9826F744fe917,,CHRIZZZZZ#3724
0x3428A10f1E2962C62fC5cC571E47B45f631adeF8,,Kayani_NFT#6258
0x9F65b4fA7D241fFcCFbC2734B602B27D4D02e8d8,,Sardar#8443
0xcD80b7629C3D084791A71dfAB262069661b1a449,,AdityaA#7264
0x7931a6470D236b603b331e6fB1D96d79e083c061,,Ali.#3298
0x2e92378316F51E447dC49ff4Eb43dC1eC58886e7,,Khizer#4506
0xFD14942f021C5d09c9d6B0090e13164488bB89f8,,Daniyal#3948
0x4576ecF4E25aaCfaA65a97DF02B1a5fa9B4C8d26,,NFTNoOB#3734
0x702C95233ca8A60e1977B815Ef2D6C724d2B785c,,ZZ#3727
0x978DC1A5978BBeD895B5d01BF82FB5229d31185b,,Kulle#5111
0xb6Bf40819b35DF323B6376a29f5d467b97c9aDf9,,Zunaira Usman#5042
0xa55EE4B08df0125687540dA23BAabfFF08355Dc3,,MundY#3476
0xDa12aa22cB991FF42C3A7AF907Fe36fceeDdC300,,M Bilal#4562
0xaD10e3E14874E22007ee19f8A37EeA2F2aDb7dff,,Rizwan#1716
0x4399Bc01127d28f759c9a92109E1C73Affa59b23,,Nonfungibledentist#7549
0x6B0C2764FAE7f4F37d8265B47c7BC519d758e902,,Usman#1581
0x06f0Ed6a3b3e0a2F4BC40aCe52f4FfCE6923E3E9,,Mariamm#6775
0xacbdb4C17F4D6306E5b9F4FF43738FC19373BF94,,nftmac02#7363
0x9dc118e287D599278cc675d6b50f8be6de41BDf8,,Hariexy#1431
0x2Bb074B682C0bCBf040f93192e4aae209Df0bA68,,wasabi#7676
0xf803d4BEB695fD50A65A00dA27ae774974075f3f,,Furqanfiqi#3249
0x8dc199C681bB0acc6079701E419DAE2084F5747D,,Zubairey#5795
0xC0A644AaAAbbF5cdDFCB76d15922e80EDf83c9a0,,Slam Artist#2995
0xa004129Af57124418362622f6a9EfCde2976Dc5E,,KingOzz#1765
0x95e2226d76f8159AC329F84D299903B624535a95,,Sony#7407
0xd3f83C416067DFBb88A05AFeFf7c2d7fA77eC267,,Endless#1500
0x9228f6Ab228B37b0e3935a446331698662ED0924,,MISTIK.v#5956
0x333638364582E76d564ee5C888e4DE2B6578E604,,maazkekez | The 'Sabi#3069
0x56Fd97f21A32F0E8c59f5ED5A2639A13Ce727eFd,,Masked money#5322
0x492413f5B7a6c0A844E0386a5D45c572Fdd0517b,,.FANKI#2212
0x59aE20eF0930b81E27A959eDC8d5EE230E733518,,dreamer1391#0218
0xf4C81aed303f40B713dd553467b661C610D3D764,,mikaela#6666
0x407060a47fB14bA0ABd40A657Ab9260588619489,,0xDATable#4052
0x503ed25F1fEEC4C708Ae918F4A7e865586C82C56,,proteen#6273
0xC0A644AaAAbbF5cdDFCB76d15922e80EDf83c9a0,,Slam Artist#2995
0xAeD884B7533351fC93668A18DB765668305c6f84,,TwoBit#0001
0x6147e4CBBEeaEf6c19ce8D4FA754f617Ae36dAAC,,Hsientreepay#9403
0xd2EF23Ea827e80D88073496c568543570CaeFcCF,,Awais#5740
0x5711328D6Ad4C27D320E0BE0109e9C003Ef0548F,,Fadi#3145
0x9fbdaf8265b0eef91dc903c805c0a8f142153676,,neverthat#2763
0xb7e6c740C03e9a50A26A08E367b6786A47F690bb,,POTATOHEAD#3990
0x50F5804383c72B105AeC9eD8AA64D6367b40A39f,,Re#9769
0x04256E95ffa12221139224DE6A8f0575Eeead6e3,,Phoenix#7227
0xcF4F8fD76f0A37521aE2aC54C17d3893F0C7Fe73,,Cikaa#1367
0x5ca913bE255Df02A2d6bA0FbA18938dbf8DD896C,,NoSin#2267
0x52600c6f6fA5f01e4b0DE1FC9b5EC6f075C743a2,,peppermint„ÄÑ#5869
0x2164f9F0b8d8A01448E19D6C95869136eD181ED0,,Seol#0839
0x9FB3344C268B0ffA68245CF8494a3709457246cd,,bless#8841
0x3F8465fd94A6939180736AE38c8BBe5c3baF21ed,,shadowkillerxx#6062
0x3a258eDFa377A601053199ab09F2B6b0113477b5,,GTV.17#8062
0x1fEa3BA6a0257a2Fc23FE5500E178785Cb657322,,Frokie.eth#9020
0xAE0db575D31515274c5d0e6fE3CA400b4d6b1163,,Matthew_Malta#3566
0xe5ca8d30c532CeD370c65e661006FE582D3e63Ef,,luisillo#5451
0xc6f9a2d03e14b4a01d2001d5d7Bc81834b94e4E3,,bleachy#5892
0x0749850e99969447EbC4e859C40A457Aa606b73f,,GeaterX#0041
0x7A34403De459A21631610087eeAA554b0E911f8a,,melon#5572
0x019F41258020959685cc4AF23ABAF816eA5683ee,,AsterDee#0836
0x9390C7f97DbA6c003aE30B26B22b568d2cb2569D,,solodex#4201
0x5BF6Fd587A3401750b05fF1C605399D1a41FB11B,,LAMA GLAMA#3200
0xDf039FC801d5D356ba86d78aC6d7E2CcDA91a8d4,,KirkoBankz#8505
0xF8248E41DA33091C07bf10674e0b2fc7D3aD775a,,Nathanzoo#7554
0xd453b6FC0c815FBE292EB6832d0Cd0E518733fd6,,Axel_zz#8141
0x81b0ec9196a31AaCD6E68218b26678696640bDf2,,Jinwoo#0400
0xE565750aC9D240153Cf039277BeA5A2b82eaCce4,,Juansiviris#3268
0x5BA11d233849B0Bdf29eEC7addCCf8273E62Ae57,,RavenouZ#6596
0x412E9e533eA1A9848d1B01a9652399b068d4B76A,,Aqua#4519
0x1F735c429C1E9A72506a8575c69E32DeB265Cb06,,Blackbird#1087
0x9A373b7BBCa85738c870545dC7E8Be2e2A648BfA,,BigBird#6368
0xcBdD639a899A69458F3aCC23F47D59603D116449,,tunasmell#1807
0xE54790522d06cbC2B971a7A58532c71f002Cf6C9,,0xRX#0355
0x9eAAF2b92cD3835d291564377Ed85D49F806a7C6,,lloydiwaps#6647
0x99B9Ce7Bc4878E5f54281aa24d0Bc65202b8C124,,[Lucien]#9942
0xa2ac8429ecE67c121167416FC519841bb30E7Ae7,,maxm7788#0095
0x357Df9E968b23F7bDCD786fa0F1C5033b62F0942,,skyyfetti#6554
0x3f3E791194fb13723B2Bfcd663057d4Ee157c30F,,Reishi#4536
0x43D46cE376bF54C618CE8613D5d1d601CA59c0C1,,Laxman#7182
0x0FF18e4b13cF52B90Eff89B53Cf9ca30C3B656B1,,donutboy#0402
0x3302988b70505e2aDD0a4d685CA2e661DA5530f5,,smellypigeon#5131
0xDd3195F0e56579B4101A43987B0b597BA7b4A398,,usyda1#7292
0x4F6E4EDD7A845618B4a0A3F63347D85e6bF47853,,Acronarch#1337
0x9C3B595Db879E0AB2878803073091bd43Dea2653,,heather#2430
0xeFbc6C708f37F5336EEE6D68E161114D16577CB0,,mikaela#6666
0xEC833E07d6e9cE72f82D0e852F5C251f6242A61a,,
0x09bc26E006c088f22Ff8782488Af1BF4fF0599A2,,
0xbbBF89cB082AEc247Fd52c6D8F985a72f7235df0,,
0x99CDf3C8f76228dEA41BCE3B578A998c619bD6b7,,
0xe8Ad39917651fD07E9b2FA5192aE95011F6C48Bf,,
0xE9962C1901d540A9ed2332abF0Eb27a402fFC568,,
0x75Cf7533e708aC27D5f223C72369B2AA5ee0E07D,,
0xa84F6967a3d1a1977ED84E8757264AA7cd8bC849,,
0x8EeD5470312E59E704dA1CC4CDE3142D46E4de0a,,
0xf02aa140a3893acA9CC60e03C71E3c8A5eEC8550,,
0xC3AaEb8DA38850083849E7EA490Ea41859c51941,,
0x684A3875a3c071cd14aB33AB2e9d454F5E185f64,,
0x5Db686f44E34b3374ED760F782bE979798b7D7EF,,
0x624cc774b7c67aac4a47e73465dcfd246b744695,,
0xdd5fD7C0607957B4AAD959d6CA8Ec34b044D3c77,,
0xCaAf2B5FA603B6B97733E105144F54615bdF0874,,
0xe5f447C65a6324F0676919a28Bf2aF651F5eE220,,
0xeAaA984f04D1E461317bcDc9b53585821718D5D6,,
0x0b0E075bFD7a7519A57A7BdFb1ccA366F362901c,,
0x1d76f28D4C549A0B7D386c857C1BDBbfCcB53830,,
0xf42CdC13e0e99CF01980880357D9B68DC4d42083,,
0x41d68Ff0DcC86e69902abA93b3E36744931c959D,,
0x3cB9611724351Baea1241F2f3942a1e418d9bC34,,
0x8211149f4Aa9Ad7f86FEB490B7b0c2A7443361cc,,
0xC11399005aF3fA8bbA8Bc6c2a1Cd49edEFf9CE47,,
0xEf27477C03b436849d730205880794C574c20d80,,
0x6881cCe7D728CaBA2C99202c6E15Ef2BA422957a,,
0xA4BD07AF0DC1674Fd2dC5d2C5A1048592728fb23,,
0x4D8C9F8c0727823CC6CA2509c06Ddfc34CB752C0,,
0x3514b44Dfa1a74b0Bc321b17603Cabc7db24E9Df,,
0x2c3f4a55119809C1a778239Fd124630F5D9F530B,,
0x73aCea05ef05dD3DAc25C02C92fA4D30D87e6870,,
0x888c1546006f545A6904b43F258362bC6ff35A63,,
0x996e778ff6e7Fca4b8FCf8a9ec2E85C878241bC4,,
0xe5d2dc12c17BbdF0932E6F56b1F316673363cde1,,
0x0CE418339AAc5ac14D732f502b138E40AeBDD2FF,,
0xFdB9DEA010FB8477689cc2A91ADA6745f4b6AFDC,,
0x551a357ddf21924F400F2D7ce9d0663fbD583d94,,
0x0D62E6ABfc258EA5a6B6b712e99771bd02147D62,,
0x0C171523017Ab2589852554dbb59f166054758F1,,
0x864Ae9325c5090aCA91Bf70b0c54e5fd649E9c48,,
0x7625F596220E67eca6C53Dc313C60079ed58C343,,
0x4D221904E1370DdA7D62256379EAbc010309Dd07,,
0x34eCA337d155a8E9eF3C979AD1732B555aD6D5be,,
0x43A7E7Aa8710d7D6f7421940Cd1AcF00324ad064,,
0x26E83047376564Bfce189b631f90d7501CB2498d,,
0xDF5d3190163d14F89d88d9CD0D988De3a9789486,,
0x2f228f334dADB2B2119E2F525D69f07d1F90109a,,
0x859Fc31245eF3aB2ABe5705Eb2CdfD61Fd542e8F,,
0xBA5353228F2ED9614e1a99468555C83C92A55CC3,,
0x07Be54AA889e6BBe0d9eF29883c8aB1bC202Efc3,,
0xc02E260F86950Fe7E0127A06475b1F7C34B5532B,,
0x136C96E4bFfb77BbebA020b1E1A45c41FC4cdF91,,
0x09B7F84B2fEFbc05aAe40F8dE0F2B4E0D74824C7,,
0x7b783e79C1574E1F12221b7675756C4eB46Ac29B,,
0x2503Bb565AA3337E6862Ed20f895b1A01B6376c1,,
0xD4DB8989e9415c2F5f2141119D6229DFA98352df,,
0x9cAEF3744B5E84ea446DeAd591b05f9dc7B1Cab2,,
0x5Bf758C3A3FC2f0F93C10B0a9a112c101B6F6C63,,
0x1AAB6d9FA930266b016DF4244d3D04bbc710D08c,,
0xbDf9FE59e8FD78062a8c1543f6035821A22d3890,,
0x3910CbfCA62559CEC14f51E93F320823D149fe2D,,
0xDb3f33c806b55080a4201e67Df513BBB9f80E918,,
0x995C6D0589bAa4d6D392067E8490198E7B4DF122,,
0xDcc418686FfE9d3458515c717560202E13780351,,
0xB4c8db539220986A7e6327B22F232d8759A7137e,,
0x89924eb7FDE73aE3d03aBaac23FaB60dDc066033,,
0x1A40323a8059068b97A6D79DDF120De9D33cB092,,
0x405d0E4DfD584C2631C093908f332D53e5eA8b6D,,
0x73f5dff1d5203f2693d1263Ecc15B0b43aB6CACd,,
0xF0d65372498F8f15232f733DDdA65C8C55E5e9b4,,
0x11125430aa34686A088145Ca8aAfCE7Dba3d0Df7,,
0x2929bc564bd8d7b646286e2A3E4Fe182f3634e2b,,
0x378Aa79588ae14CAD864434a31DC8404A0165Dcd,,
0x6f2C05E42863A564203172F826b1DB545258B8B0,,
0xfB820293249a90126dD49BDA4396BC542ACbFE7F,,
0x8F194dF145ebE917160F33A2E8ee80F9920FB6f6,,
0x5FF2A0A5D72d173442D4CD73528C1e9e67c98FBF,,
0x7716B647E1b7B3C4dE43776773544354449a499C,,
0xf4BB0B2e10e1cD05D5834c3052E2d95C7D084021,,
0x5c8b1cAF755110c82BE97ecBA3F9edC9facB9840,,
0x9ff47c46F1b65Ecf7D72F30b420b4aCAEFf508f8,,
0xbeC8f9a57701aFe7034c62C03f0B6516e9c52917,,
0x9470a73d31fBCf63f8Fea5fbBe1F58Dd6A1961BD,,
0xdAbe796EAac85BCA33DD0a6793F6c3107d41F04B,,
0x99A832BAFfa31e0bB484B6111c2871736Bfb27D5,,
0xCF4152B9dE5b221F884b40759C71b492B5Ee79dF,,
0x35DeEF20E70537aFCe136aB5698bE6Cf38588DA5,,
0x5952Fb8620a37c7E4fa9cB25F1ceCd6B8802ac17,,
0x92fD94c24555B64c583151e7f077D38fAeFA52e7,,
0x6A091Bfcc2884F2e16Ee797b1Ff5ffD9D72cd3dF,,
0x99bFB0d876AB1DafD6D0a2B7c25E3e86fFAad4df,,
0x2c08b1f88f9a966f534e9ee5a18e7da1ce5b6a89,,
0x4ae43208a4429c1d115e4f36a45d51dece635aee,,
0xf8B94a4C7737c9a43217BeDcC32430a98DcdA3b9,,
0x0BE848E6Db55564B186c6373E781c6a141Eef067,,
0x5Ec62034DD3B198763C72E5AE775FAD3990973b3,,
0x5DFb54E601865a0dFDab59fEa18d55F8DF497c24,,
0xE1De31587d1c52199F804eaDED4b59dA50c51611,,
0x35fd1a27e82962c9e9e59e40bdd3cad527079f0f,,
0x5dCF86e62aF643B9B4569E3D4144845a748eD9eE,,
0x145E9e42FBf7dcEed2DCFaB59C3312b9A2Aa164F,,
0x2DD7504C6d9CD7C7Fa0f551123A6eCc0F7602665,,
0xa55A98Cd4ce5130fac9Fe590CC8B87B3489E3FB5,,
0xd92733f8ad2360E9809Dd7f1D9c6170d02ed7D34,,
0x5c819c4AD97CC9cFDb5C0D0FBdcDFa468676894C,,
0xBD98A053e3a5C45d0c0BAf63aa6307dCd3050B04,,
0x3472ef70e0d641b2ca48209462d7bf18668e2584,,
0x73f17f98661D019758e9Edf36A91bF2409baaC6B,,
0xE1De31587d1c52199F804eaDED4b59dA50c51611,,
0xDf2BF6B4baD84DF406aAF6B906dCC045e27b1D56,,
0xAD8768a9E25b847D4734A85E92907de91eF6fbFa,,
0xbfAdf15Dc871193b447236FdF143a0433b88d63e,,
0xEB2f3811726F57CDc86626c255d637445Bb92197,,
0xa4f74D8a8BA9d55165BD6aF3cb7467b8eDc03934,,
0x29a2433C778AAf2683A18be67b16C6daB087Ab93,,
0x3f020d7127Cdf0BC15A2E89FE6A1671510e4CF7E,,
0xD0E9B25EA5654c33B20C2B7CB7De491daF31Ac2c,,
0x577e7F1818f5acFcBF8e26C74Ac703093E20d8F5,,
0x3eE7a3fF58E5d22cbe1b5767DAcB16625712b5de,,
0xa35F29893418C61AB675557ee5228E5225e78BA4,,
0x47fd7a68f83414341588A8Ce6c6137781cB1c8cD,,
0xf1aDa066Ff8D43ecBd700645201BF5bf9A65a340,,
0x0fa403cc315abE20A99b69c6ffCC64556A8a25A9,,
0xB181024436830ebf0ed849fda571feF38B829cF1,,
0xA33377f0fb8E2A957057e18A5eA6af4e22F4BF2b,,
0x97eab493d7bbc04b73865db3c378cb929a2164ce,,
0xa963118a7b801E809B352c29409997d9C9820d90,,
0x1025049DcAed60766f34c8F8aFd5DD0151D98B39,,
0x88B37FDF03EbA90DE5c84C96C4649Fe6ddAd7EA3,,
0x4E1120729a7Cd4D29Ef6881Db663bd0Db489A05E,,
0x4C7fB62375258b1cdFc5b37Fe73d63011b6d85D5,,
0x397AF6f6dBc200e84878aD4798a42fb005755259,,
0x19FDE7280b7c04349e86aEe212b44E6Bd6F839aC,,
0x5Dd78566Cde4fD3d76680f390ae7DBfFA90503D2,,
0xDa6f083D5D89ec526b65070BFc8632F3057a73c4,,
0x42163d17272DeaB5129E3f94877B87DbD18e3fcc,,
0xFbB4DB4381cf6981FeF5171Cd04bED1503928769,,
0x7967789e31c537f3bed044F2f7409b5d3D4fcac3,,
0x48d673b192919D94c48C647C77f6e5E55f8A6913,,
0xf6DD849a1C72E4FBd9c8c1d06de5660C0aF3e67E,,
0xf29206a2Faef83fd6683e08f0C90DB31C700985C,,
0xf2E110dC752DC8A7A644b80BBE2CADcc66BeaAF6,,
0x8b776e5a62733591f77F3Dd773610348b7A3d48b,,
0x68337e8Dd17913836ff255B1E844D0BfCF39cD41,,
0xBbD12e2C3d13f3779b7dc63221631B0740366406,,
0x014a8b341c6e79fC651A9013c9b5448A6f6F3116,,
0x8B551Eb6e953d00466539aD54F7731097EBcbfF5,,
0xC8f9711387A6E6966D039B554d656a5c375cA97E,,
0x70F867254DF37DBe4F516A4e6D279A92618Eeb0D,,
0xd469F7e53589Db2A9fF1Cc53b6ADD6eB4c49D1C2,,
0xDBb19A79e3cdfA25F5E74d5be1455EbFe61e7Ddd,,
0x56f9f1efa72E1E4BA56E74574d45C5A43624960A,,
0xc65Eca63a436950B5A7Db351422fAFc0fa8F6e0f,,
0x6b83d311F03119BFa91FB053F0F6bD615Ca8a294,,
0x8e136D01959445BdE146611576C9295F315c9Bd5,,
0xF0B68255D0b548426c038ECE7c1e236ecdCD04E7,,
0xDda0a83438B1b8ab2f7931A0D84DB755f0988d27,,
0x424cbD41194A8e5db957bDa14404FE8cdEaa2899,,
0xd1f7575aD8253C88541F324346e922f0d1E34EAc,,
0x284f6b7274F1099F312FE0DC1bD75a1F4BCcb58A,,
0xCB34d481f1Eeb09Fcb57114a3863a239d8c9a74A,,
0x66EC03F6ACc709ae1996128303AE24Ca3a5E8d38,,
0xDdfac61FC6a490aF839DB6e564C34844BC72600F,,
0x98F833D01973c5eE09A3aA0Fa4613DF85867Cba9,,
0xCcEeDbc4E913BFa27498944f0c8b914Ba117C928,,
0x344Ad6781370Af1d1A21A81b1016Ce278bB24EA9,,
0x2Fe608f3b477707Ab9AB5e5354524dE627613C61,,
0xF4adf7D11032C3EA471b56f8869c99b20Ab90a16,,
0xe19843E8eC8Ee6922731801Cba48E2dE6813963A,,
0x4FDF3264926c08f0E4D905Eb258B60725593aF44,,
0x121a14bBC41178A8d5a7D48F5d5256D47976D13b,,
0xF3d438118A909b06518635aDE532be7fedEcc840,,
0x62b936B4cAf21E77aFb462e285474673dB2b90B9,,
0xFf2156F980d4B012B9a56D2Ba75635CeE54198c7,,
0xD3992665d3eb5dFA960a5CF871EB4828fa218e8d,,
0x5904dDD1f5a9CA06dCc04D79ba4628F5c07A49b3,,
0x217971178F78B4aB09189CA1369C6101823C65Ec,,
0x112F5c6B85D5dF1594DE75E5Cc655dD011e61d78,,
0x65992556Cc43dDD85735cBE4376B08218Ec2f804,,
0x45815F977981409f8c243083f25C25E280596Bbc,,
0xf19bBf6cfD854c9473464C93152d0C1E298045F9,,
0xfC484509817aD9689f08bbE78Ce96EFfBC40c981,,
0xbCcA96D3d029D68e7c04Ef493F24d6b1ed398e5E,,
0xED4eBcd8D790824708E16ced47Aa508887a4328D,,
0x3Ce622d2CCdfE0ce66A9511EEeD4d4BBf26cD8EA,,
0x47ABB04ed185A75D7846a35E31eB54b014fA052b,,
0x84d788e723Caf472Dcc5655090167C24AA8aF0Fb,,
0xdB21D9DB1367892cf95a543342411802f45b5aF7,,
0x108cCF14a4acE651FA6D7B3507b9f01E7A2Ef513,,
0xa3bf4821718A118A9f7CAD3E5125BDB3b9BA79CA,,
0x4f7E80E8D7f7992a934d1f46269E01cf152dB47b,,
0x6f85c4369Dc83eE197Dc87CBc983Fc7D015FE0eE,,
0xC7E7E5004619ef791ccf185674c68d3edBA1166C,,
0xEbE1b41F53521e34DA2324dE978E8C5B191318Ac,,
0xb5487cD4DdD43302204222Cce95f3CE51CcA27e1,,
0xaF30e36fCF8A9Cac79D03f2EA6e970a824334948,,
0x4CD576688096aC4378E4f97dFfFe8210aE0C57A4,,
0x09579de8f133b274Fd83F51cc6e56cb5e9d1656f,,
0x4B9BE8b9C5901190338544fcEb01551420C462a3,,
0xbd8b6a33961a9FBAc495395C052F91BC1eD8F5F1,,
0x1E497d43376bd51E7A235cED2a1Ac53B206C7faF,,
0xd61Cc62c90b9C414bafB15E11736520a5F2C5a9f,,
0x35d1B2B9395F44033Ec88Edb286dCd93A1EE83c5,,
0xe3e3921ca4950e76b691b92631b8b6e6f94ea911,,
0x6A78AE576b139Fa3d56f3465c3c9B1376bC278e3,,
0xF510Dec535B65B5B32e705EF9D9B56A169Cd1C84,,
0x766E7B3F2cF321b0A4dc867E0F534F2075Cdac46,,
0x602df2C111b63b8Ebb5DaF0174F1835D48d7DB66,,
0x4c63b613bf6C035f379d01b0C6D67ddb57Af168b,,
0x88bF32b54b2ba0724DFDB31bA47616d91a5eF0f0,,
0xb12B4347815540a9679395dC1c28b65eeEF102de,,
0x215bC454dA079d610abDf1619D1B29C7795A7996,,
0xb55d17a1e777bB1C4EA2383569CC5760166246A3,,
0xAE73225F0Ead8e34B48AF6F18e9d80F245f8dD71,,
0xC40AEFB9E171d06Cba963e309b1504516b6fA7F0,,
0xEb463c4Ad1F5562B18139DcB4c276EECe2Fdb559,,
0xA3282d3fe99c72A0c01d498F6Add0Ba6c4bd988C,,
0x2F5Cb4863279eF1074f40158D2f35A8f7Ed6aFa8,,
0xcf9B9ff46BE4Ac99b5189f4a59F4b90a30240717,,
0x7730dd55ebbebab7f5e782dfce4f9e48db351c98,,
0x36e9ecc0ab3762fc58fc7b9afdb8721f8eeb52f5,,
0x5A2e7F138FfbaDF56F4AF2E835D381074c3149cB,,
0xc84fd1109f769e1c05852df678da5ed015109993,,
0x7AF3b0434bc8c52B514cab9476593d41066c72AA,,
0x047ab239ba13076c9e220ad8606d1c4915bff77f,,
0x04e20067bc7cfd1bd270c1705d962dcdb7dba5dc,,
0xee9ca24fb62bfc021e1a46e09e1c1cbecd3341b5,,
0x813e372eb82008b31503027aaacddbd5bd228f89,,
0x56251b18fa1f462ef7f891819e8d389e602b19b0,,
0xca99d35880ce5f6c62ebdc82bdaa02a8ea96101f,,
0xd7b0282fed6400c99187166caf4ea32ec76f3855,,
0x84A17d1fAc27AD0AA926A3fbFF34419B3FaF7092,,
0xe4EF1E9ee404a8339a1579000C497D9A8b517085,,
0x58c9bbb0c094ac4cf5224154e20e9f76542468a2,,
0x0f0afa9a440b725420e34c7db7b9e41a96dfe848,,
0x5e2352c44ccec4c9ac11a0ea656d82f5f4936090,,
0x362ce7c67ada014e6809ceda93284f5d31b8e209,,
0xd77798f14963840dedc66d1565ad241e501ee928,,
0x11d9ac587f556fc2565ee1635aa35f74d50e57c4,,
0x4aa3ea7373373f9e1adfe741e2a2e13cd003761b,,
0x6a2aa012d4684cae6ab8d1ddc1665f6e36772df4,,
0x02c1C8eAa50A4a67EEfdD505bF3E81444c946A20,,
0x2a5c377bdf423658a4cd4a00c4e4be8e80543b3d,,
0x16B2De331426223f67EDb8998EF6D461F30B5562,,
0xcc347Be3B7937B64C966C21F9f8f5bEdCf79499C,,
0x52b94CB45b9853068916d13E1487Bad03572D253,,
0x3214Af3F6A49cFD91E1304442673440681eA6510,,
0x955Df5a02d25c86C673A788Ca43541E932dA831a,,
0x97eab493d7bbc04b73865db3c378cb929a2164ce,,
0x78DAb173a937806447C7F14a4889872Df75983FE,,
0x0BdA5FfA68972Ae3586102deF7f97083B6aB54A3,,
0xB08e40d23710cab08c70eB247EA78d2C7E4a0599,,
0x8a97d71163891Bd642F1234e19600Ad173a4d877,,
0xBfba6cCf295C5835eed74253309E1a0A2D478E1d,,
0x1d87cBb5CD982422262C72Fcf2B1622E84Fd7AE9,,
0x778E8C40De16f707a967B9B829ce9D8a41A2B7BC,,
0xBFFc3dd2490c44015c6eA06d62B8bFac7F666663,,
0x51622D216895064F7524833868d94FF6ed926b95,,
0xfA47751F1f52b20E88d7Af3326178E7712cD2f28,,
0xa77B59e25CD54fFF8CE82b5bD66e9f2090332672,,
0x0ee38C6615E34Ee9aF2ac305BdD29E259a6e9f2D,,
0xdC9bAf5eAB3A767d390422Bd950B65a1b51b1a0A,,
0x4249c9dB42156fAEfc43a32e76b6bEA113d5C5d3,,
0x8C7e72dEB60a165e703E7597af50d77E9E31202d,,
0x7e30620edaf5263C855936f6f4651C00A85cde63,,
0x2bD32418Ef2Ff428Ce8B0CbAe167026CDc89A467,,
0x290bd8996bb4923350B1f0cf70533Ca81a2216B6,,
0xDc85E5580B6Ec387f741b5b1d28D53712CC9EF5e,,
0x73161A54a88825bD3536Edf6B9B56b25E3a81B87,,
0xeDd22b81004fFd7Fe8715C0e4F4A3d6426Ddfe12,,
0xFd7B472291e94A7d51CE25AE37d56375EaFfE866,,
0xd0aBC0e3E4e4Eac7a796147C9C69f5b87D9b4459,,
0x86fB98Cef52a02bBeF066B21a1BCEFD6DB235039,,
0x8285253CdcD7Ac274A908C0F2E53AF2AFb96C7ea,,
0xEC5948BcD2A661975021BEEec81a357d13F2cE03,,
0x4034Bed2f138de45261a9cbE3469d2b7014AbACF,,
0x1031079474A946c410CcC0D61815d273437a88b0,,
0x978259e821b98060290cF4269334843f8feFF90b,,
0xB0747079298F501F0c6325F56B4c7083D79ef255,,
0x757173C4AAB5C9425CE1917728ad4fd9b14981B1,,
0xC6cE57e4A2eebEb21B57fB82e399F230Fa5e94da,,
0x635C8284c700f6b67ff428C832cbe65b76f8d623,,
0xd17f92Da632239c625cbdB3C427e7294021D9FCc,,
0x269cF806D38CB07dE27728c7450607282A4571Af,,
0xA03Be7AF2dD34C970B04fcD775327Ea2969DdEcD,,
0x1114499EFb748dDe883363303E6C8624A0D877c3,,
0xD1f1f2D08521CA964D09178257C0Bb554994631F,,
0x01D33382DA013F6dcED207aEC0ae39a8D76E3f8A,,
0x67B41B6DbD7fE09Ea93D01B252f22A485d910D23,,
0xb1327Af50E1F5F25Bc4307f2fdB1E780D615F9dB,,
0xe3C0a4713aaA42e6BC8c14E4f243E4d5A6C25762,,
0x28f0388ff37f1FB607C032C44E57dCb77cdC7f10,,
0x2cE45C566846c2B5EB9965Dc1E99c634F27ED51c,,
0xf16Af273CeD177F847CFbC7B6505C556b1A87E6C,,
0xDcD2f676bA414B4745832a4C09b68415C444e2a5,,
0x568C129c244a897Cc1613EDE5dC6aCf7fb5F4C34,,
0x9E4fc586122388b7b509af05bb7FC3B4ee8487D2,,
0xB90744E0c2971Ed2e192F3Bb0004C7fe6102DF1B,,
0x5Ca5c601e623D091c86F2ad41c9A504b1632152A,,
0x60fDFaC0F3Ff387B846A204A6B170d8067104e37,,
0xF4103Ef0d4249907e6d9dEba2be2e955F8b19dF7,,
0xe07D37854cD1012459a7B625C36a3dcC6B2C8719,,
0x434a7C70D711D11B6688F23D38502d953Ac53721,,
0x2ae816a679441ba334c05C436619880D7ecC9660,,
0x9bc5108b37bCeDa9b60d93163c7027a00502C811,,
0x4305B1864AFD62a64924F737ED7C11642c0e9b1a,,
0xdb97eb9F091C48E2ad04075814D2c670f0D0c622,,
0x85B1B9E1B1Faa82216750cC4b35b354a88fd4bB5,,
0xB967E2D998a58316354F6cFb47579FAa85609060,,
0xF214bc1f25ee79D3690Edf8E537E694f36E8c179,,
0x220Aa19b2Ca45769Fa1645EbAef26E64208e9176,,
0xcAbF7946162874340554F5e559F6383AD9bA7778,,
0xd05F68Ada2ECd0Ca7D5b25699bD989f9953EDaf2,,
0x25d0d7E0ffFFB4Bd7d1088316cC0F54915582534,,
0x9bc5108b37bCeDa9b60d93163c7027a00502C811,,
0x3C7aBD414486385Ba09728eeaeb43C08A02FaB47,,
0x7e7f294d26A5e373Bf3caa31c8EBE21DCc52F6fA,,
0xedc8b3Ee452A171664eC9D06Df1bFB39c82A7C30,,
0xbB5adeD238318e9BF0a35e9F07B4F093262E9563,,
0x7FB8EFca9BE6AF15F16d57E1D867026A830A9564,,
0x4Eb859Fc83977267fbb6aE1066A51FB4c9086C28,,
0x56384B75E2D8152e7196771C39b88c74f42A8ADc,,
0x2EEa463Aa589B725143c2420eDAF82A8fb4a8E73,,
0x3162947986982E70B2FAC2A90bA49d8657F34334,,
0xedb71fc887f1537A6c103cb6BCF58e6f243eD11c,,
0x92bcd2e904eacd0a6ed86d3735056190e176107b,,
0x6BbE18d14e6bA566f2439EBE2d430e59d6088Fd2,,
0xce92d15662F7bd77117EceFC5A877D785Ce6375A,,
0xfA47751F1f52b20E88d7Af3326178E7712cD2f28,,
0x9C57bE9Ea33018a8c898d47ED416F1d40543e5F7,,
0x40BEAD833A9867BB7155471B77f5933211DAeCce,,
0xc4cf93E6A744EffD072D14C7516780b93542f4f6,,
0x614C0d06A29e910D9D6323A57aF9A6723750FdEe,,
0xCabB179ca4f9360e4761121A2363a3AF5587B1aA,,
0x2d78b23D01274aC3fb444483A6DC68Bd06578119,,
0xF1D9ae09B359fAEE492743C37e0cF5535C5322f6,,
0x6a5df27B17F03E100Ceb809D1faf5fe0e96C54D1,,
0xb5Df726e490BC6a17aD44FFe32966678b16596E0,,
0xAc015b32a27a744158C7cDeE4885e854f83C9b5E,,
0xB21dAE78148f5428d17A71bC4eD9eDEA3E207649,,
0x6EF91E887BBE76a5c68d72E8D7f25594088f27b9,,
0x71a8F5B3C3837dF7A107a1b816733CbED94B90E2,,
0xB9C4a03D3eEE5AeA77662B19570d73C080794d3B,,
0x0ef56F0c69Affbc3EBcc775Bae4D1063f0e1FFc3,,
0x980F18a06a74005ff6BaA867fF617198db85a590,,
0x01f8c80533BF12698E84477938244311fe512045,,
0xc8a295c8058442084B1C97f1A544C7930032ea28,,
0x3Fa515Df9E7a82Ff12990ce279C707F95d2fCC7C,,
0x75B0c700fF4F3d0767658DdCEe25D6589c431702,,
0xaE8e98C213E3982a7FD9c4D1Fa7A4ad85F31E868,,
0x53344C4bBBa7B930E7C39B73b3d4a5aee03b2731,,
0x387fc36b9f989c6a4bb32eAe7988F63fF7F369a0,,
0xF10852ED26d31A79eC5037a57e4F1e5745A9FE4A,,
0xcA69CaA6797A672757007153Ffcbe931b383Ca4F,,
0xF5976e3Bd7787C27571D54bFe592F456De301A54,,
0xc7899A2205515a346DEBe510Ce848cc66cD11Ace,,
0x0528Bb04257729f633Cfe065D16686EB538c437c,,
0x36c1238af9cd4D640e6c5D4184Fc88A2117265F3,,
0x808DD4ddDA7EB44653dEB30C02C105D2462BC275,,
0x6a5f30c9F681A9b46aaF5b79b8C219102ea5e833,,
0x92F1aA312B35E065914C57aCa5f5eE83d0F410D4,,
0x482cD4246886A0D50bd04FF288cb20f53D291255,,
0x497aFeAa28934011B7372EF35e12856e9555452C,,
0x6DfE53A0A480EE33e6D20C6531E4C31941483683,,
0x5B7ceCE149636357741744D73828f116E2017E28,,
0xb33eC2BF9b32E5ae86355135eAb63929fF66e8AE,,
0x86cb06E8b6A51b546a52B77d97eFe1ea6191Db71,,
0x7986bf0890049Ccfcd9950E4bF8dD726990cD095,,
0x84ea0b8D5B920e6A10043AB9C6F7500bCb2C9D25,,
0xa5C172458644505Ad1201a621C7374577E9c2507,,
0xA713ac8571eBe26E8f3dE0eAEDaeDb7629814505,,
0x99684de2b233144E712D93C26fc7ED87A97B640e,,
0xbaF7Ee3d04644ea6aB784C03590A5630E96C287b,,
0xe35e33Db4262D87C8D97109cb39162e176d618C4,,
0xe0Ee3942ea37819aa17f7cc442c1230A9110cabC,,
0x3C04182610360586237ba23BEF2dfeB146962eb2,,
0x41c6A0A4ba04a9fF7A39d013FA1Ee385cfc186F1,,
0x49B8C8A1Cc4DC384c44a69CA4dac05D165E1BaBE,,
0x00776cf49ff431a9115C872AebcC49EFB9f61866,,
0x99B9Ce7Bc4878E5f54281aa24d0Bc65202b8C124,,
0x9B1d57fcc79f2f6B8247b992E68D5881A16AdF2d,,
0xb69c648854e3869AdaCF48a11C9eF4141FFC9C85,,
0xCF8172dF866ca018762685d93fD42140519bEa3c,,
0xFe2E3E999bc785bb053c85688dA6DaA4a19Eb0f4,,
0x0c4a4a7Fe3D3e114fa20ACd1d2136fb620c5F36C,,
0xaCa27CdfFc013C91B459AB0fFf29b45814c5c4C3,,
0x47fd7a68f83414341588A8Ce6c6137781cB1c8cD,,
0x955d98A5549541Af72cf708791310C70BBf25d59,,
0xf1aDa066Ff8D43ecBd700645201BF5bf9A65a340,,
0xe6D108C835A50550e74286145d35B47aaE6ACAa4,,
0x112F5c6B85D5dF1594DE75E5Cc655dD011e61d78,,
0xEbE1b41F53521e34DA2324dE978E8C5B191318Ac,,
0xC7E7E5004619ef791ccf185674c68d3edBA1166C,,
0x65992556Cc43dDD85735cBE4376B08218Ec2f804,,
0x7C7960696d21200f6044a456628c6CE298f854A9,,
0x45A15051d2efa0A651Ed7991F3FF9fd46d316a4E,,
0xa6A309A8124Ff32CeB67fe76E3468B5014789a28,,
0x28944257E11dbBbA3E0B9e0FDE7A9B4fbf8e572b,,
0x93e572613F815d7fCaba4b25f2E79cdBa3C5B581,,
0xd4Cd901ACc1dF52CafbA9455De7aB687F0000000,,
0xfF095dc67945Ba4D7bc1ecdDA9b1Dd578d271b19,,
0x2DE4EFcCdCBb8b59223Fd5a4Ec17BFD0074974Dd,,
0xb1fa9f500c0BDEDb76A455577cfA71062eE02DA6,,
0xfF0B1B454b43139d00C5234Acd9c47F578dE71c0,,
0xdA50D2374e73cbC8759Cf642329671D5caB41775,,
0x5A81c34a4a59D49A230CB2a8Eb577E27a3715b59,,
0xDC4Aa4D8BD59D840bEfA9C04a00507F7ffC46FEf,,
0xA227B5ef06410639D4985d6be693352B71b8A165,,
0x560f4D2b04E614bdAF7541580F0F6C0b20F54e95,,
0x50042aC52aE6143caCC0f900f5959c4B69eF1963,,
0xc527c5DA7142dDB93BC513EF7A49D33d65EA985e,,
0xa2d5ea5d4f7e3e85ee13061e716bd7bd58dc2076,,
0xe67ecc40db593c4711fef02cf2e5f046e91a0131,,
0xB8bbE1B5396Bc0d0bA8447d67350C69964750900,,
0xCc488C1452cD60bEAF542A6D8fdAE075092A3985,,
0x4CB90c3465C83aE3Ad3A4F6B5B6bfe634BF27666,,
0x2dfeBd4474a82ED0f0fdD9b79196999657a504B8,,
0xf14378336F9145F4f461d147edeA7B56B02F415A,,
0x6d678738bD75A5a3032739d1B072073B4E282265,,
0xBC3b14E445B2d322CEe0cA016f9a5d0cB3d4Fd6A,,
0x95E8119646C8ccDB4739a8C5164487805Ec4554f,,
0xA4C46eba0e0434Fa0C7F1364c7B56d28e3429486,,
0xc9583c6B61BFe98f5D4612a5F8F974CE73016bd0,,
0xaa3F22963Ebd519b6876B21a91D71abf58Afad89,,
0xCbF1CaCDC8C363dC5c76028cB7cbbC6CE448D0a9,,
0xCa570539354329Ff5A73a71b78d3C5ADEFbC6C1e,,
0x07b340046342b913ba5230d242d1c4787f74622d,,
0xb23E1CF6AbB14353Eb5852a3ba9312DBCBC288cA,,
0xfB6e1473A555A38aF8a9a6D02cd71E34c62041b8,,
0x035aA6671d064d28864b379582faDdbff2a0edA1,,
0x4770150E4AF9464eDdc8E87d6e2b552137BE1C99,,
0x542726357a133069e26DBE96930Bdbe393cD843C,,
0x8ae2f6061dd2deabfb1f5062220cdb7e6c5adc87,,
0xc6f681304341c16b7d4d450c3f96cd1af2ea6a3c,,
0xDf6fB64922D6Bc4F5bD7A72856581C81dBe301Ee,,
0x92be9A3F9F5B3Ba7d8d18430723d3c4f82539E74,,
0x2001f53D2130984D1eC875CF183a2191e187e556,,
0x4E69C6355f5C3c4daeb1e67aD2DB62F65a135d65,,
0x019Be973a12dd0B56f1e04398F7d1F93356f97a1,,
0x56A5Fb55d3E789B635B18dAe15d9468D703641E9,,
0x575c6086AfED2A0244E2B445D4241c3CDb40a1AD,,
0xF1ee8D5A329ee8D51e64105f84A86Bc0b60C9217,,
0xa151106a9e2b480E2C9c9Bf5F306e9789d5805c5,,
0x61a002c7F723B8702Dc910D14e1d95a523a8FCCC,,
0x9Bab6F3b97E5a8c4b2930A39d73f426eC67F0f70,,
0xa4C45893F095F9DA82AcD9B52Fa16a7Eb947B02c,,
0xaDc0f0BE674f3e7b225cfB6d3CCa984bC09ED5F4,,
0xa53EB60A063c770df2e790fd331Ae2EC08ED15DB,,
0x404851673cd256dF64053900b1afa32e5E58Ea11,,
0x02B129aaA8B0269Ee179898bf716d0678735Fd8D,,
0x76AB2e05E05457a6d9Cf4739b5E7C4cbB5b27926,,
0x2c6900f0471EE7988c34F29c43AC709147E65b3c,,
0x72E87b76F25f70F73579a8407B32907aF19e3cC2,,
0xabBfF2C9d209e982d9b99cc340d0c1E0E127670B,,
0x1e06FDB842256f9CCe789d7c12E3c2b51B8D9f8a,,
0x1f6a939584721f487CeF15b8B115825cE4d77d66,,
0x381E3Def5dBaEB609D1415B30EC6e33ffCbb306a,,
0x1feDff87E34AEEcd8435D0662a941b6d139eb4ac,,
0xCd7A4165Fbe0E4BE6EC51668574C2A2f1e255E29,,
0x81083eE7CAC88d4ae3201B16D7D0E35F120C7795,,
0x3f445ab0efaA42105C162bfFB4Bc72A20C249137,,
0x910D2d4A9BBD768950a869CBFab2eE00a7b0471b,,
0x6547e469765712C69728D603420F6B574ED05f17,,
0xAF06c8B87F438813E56762AeF20e0015F694292d,,
0x65adBB7EEa23E80bC0DC747186FE98556eaBBAED,,
0xAbFb93Ef1CABA0c3400245B4c6a7F22ACa20ECD7,,
0xE6ED8bBBC9bF0E5135C4A478355AE14a9C69B498,,
0xF553102c4C27041b53fB3D9E2B3392831F6EAAB3,,
0x4c70c0ce91602Db64Ab86d522439a68e1A981b23,,
0x852344da4d2c1a387444775a4e65b7b49815048a,,
0xd0C7c30A8f963c8aC7F837Cb66B6A71602502b8A,,
0xc3046fCC6cB47b559f737e0276e485B10B18C03c,,
0xe4EF1E9ee404a8339a1579000C497D9A8b517085,,
0x2a8690140a5D8Fe4638610c2979E5D837290E6aA,,
0xC84FD1109f769e1C05852Df678Da5ED015109993,,